category,ucc_count,uccs,all_cu_millions,track_a_disposition,track_b_disposition,governing_rule,basis_for_membership,is_open_item,double_counting_finding
primary_residence_owner_shelter,1,910104,2493830.812994,INTRODUCED,NOT_INTRODUCED,TA_OWNER_RENTAL_EQUIVALENCE_PRIMARY_v0_1,"The pinned BLS concordance maps 910104 to HC011, a sampled ELI naming the primary residence.",no,"No duplication. 910104 is a CE ADDENDA line and is not a member of the EXPEND basis, so it cannot be counted twice by being introduced. The outlays it displaces are handled by the three rows below and none of them survives in Track A."
mortgage_interest_and_home_equity_interest,8,220311 220312 220313 220314 830111 830112 880110 880310,504695.000000,REMOVED_OUT_OF_SCOPE,RETAINED,OS_CPI_MORTGAGE_INTEREST_AND_CHARGES_v0_1,"Rule membership, Milestone 2, STRONG evidence.",no,"No duplication. Every member is removed from Track A, so none survives alongside the rental equivalence that prices the same shelter flow. Track B retains all of them, which is the point of Track B."
residential_property_tax,2,220211 220212,387438.000000,REMOVED_OUT_OF_SCOPE,RETAINED,OS_CPI_RESIDENTIAL_PROPERTY_TAX_v0_1,"Rule membership, Milestone 2, STRONG evidence.",no,No duplication. Both members are removed from Track A.
owner_repairs_improvements_structure_investment,8,210901 220901 230113 230114 230115 230151 230901 240213,232781.000000,PENDING_NEITHER_APPLIED_NOR_REVERSED,RETAINED,OS_CPI_OWNER_STRUCTURE_INVESTMENT_v0_1,"Rule membership, Milestone 2, MODERATE evidence resting on the DMI owner/renter counterpart test.",yes,"POTENTIAL DUPLICATION, UNRESOLVED AND VISIBLE. The rule is PROPOSED, so these outlays are neither retained in Track A nor removed from it; they sit in the pending bucket. That is why the duplication does not occur, and it is also why the category is not closed. If the rule were accepted the duplication would be removed; if it were rejected the outlays would return to Track A alongside rental equivalence and the duplication would be real."
homeowners_insurance_primary_residence,1,220121,100026.000000,RETAINED,RETAINED,,"220121, mapped at Milestone 1 and not claimed by any scope rule.",yes,"RETAINED IN FULL, AND THAT IS PROBABLY TOO MUCH. Casey 2010 Appendix B note 3 states that homeowners insurance is reduced 'to reflect only the renter's part of the owner's expenditure. The factor applied is 43%'. Track A retains 100 percent of it because no rule claims it and this task's remit does not extend to writing one. The overstatement is bounded by 57 percent of the retained amount. It is recorded here as an open item; no factor has been applied, because applying an unadjudicated factor to obtain a tidier number is the thing this workstream exists to avoid."
secondary_and_vacation_residence_costs,15,210902 220122 220902 230152 230902 240113 240123 240214 240223 240313 240323 320613 320626 320633 340912,12620.000000,PENDING_NEITHER_APPLIED_NOR_REVERSED,RETAINED,RP_SECONDARY_RESIDENCE_OWNER_COST_v0_1,"Rule membership, Milestone 2, MODERATE evidence.",yes,"NO DUPLICATION, BUT AN INCOMPLETE REPLACEMENT ELSEWHERE. This rule is PROPOSED so its fifteen members stay in the pending bucket. Separately, the owned-vacation members of the accepted mortgage-interest and property-tax rules do leave the basis while the secondary-residence rental equivalence has not entered. That is an understatement of Track-A secondary shelter, quantified in the accounting summary as secondary_residence_outlays_removed_without_replacement. It is not netted, offset or corrected."
renter_rent_and_renter_related_costs,3,210110 800710 350110,755603.000000,RETAINED,RETAINED,,"Rent (210110), rent as pay (800710) and tenant's insurance (350110). None is claimed by any scope rule.",no,No duplication and no loss. Renter rent is priced directly by the CPI and is untouched by the owner-shelter treatment. The check that matters here is the second half of the audit instruction: nothing was removed merely for being housing-associated.
utilities,19,260111 260112 260113 260114 260211 260212 260213 260214 250111 250112 250211 250212 250213 250912 270211 270212 270213 270214 270411,412019.000000,RETAINED,RETAINED,,"Electricity, natural gas, bottled gas, fuel oil, other fuels, water and sewer, and trash collection, across all four tenures. None is claimed by any scope rule.",no,"No duplication and no loss. Utilities are priced separately by the CPI and are not embedded in owners' equivalent rent, so changing the shelter treatment must not and does not remove them. This row exists because the failure it guards against would be silent."
rental_equivalence_addenda_910104_910107,4,910104 910105 910106 910107,,"910104 INTRODUCED; 910105, 910107 admissible but held by a PENDING rule; 910106 WITHHELD",NOT_INTRODUCED,TA_OWNER_RENTAL_EQUIVALENCE_PRIMARY_v0_1; TA_OWNER_RENTAL_EQUIVALENCE_SECONDARY_v0_1,The four CE ADDENDA rental-equivalence lines estimated in Phase C.,no,"No duplication. None of the four is in the EXPEND basis, and none of them may be inferred from its published counterpart. In particular 910107 is not inferred from 910103: the record-level measurement in Phase C6 shows 910103 is the whole timeshare property's annual rental value while 910107 is the share of weeks this consumer unit owns, so they are different estimands and neither substitutes for the other."
