ucc,label,published_ce_domain,candidate_dmi_node,node_resolution_status,ce_source,all_cu_expenditure,q1_expenditure,q2_expenditure,q3_expenditure,q4_expenditure,q5_expenditure,currently_in_canonical_ledger,omission_classification,concordance_status,requires_scope_adjudication,requires_pumd,requires_new_domain_audit,note
002120,Other non-health insurance,INSPENSN,,NO_CANDIDATE_NONCONSUMPTION,,6115,265,586,995,1191,3078,false,NONCONSUMPTION_OR_SCOPE_REVIEW_REQUIRED,ABSENT_FROM_2024_CONCORDANCE,true,false,false,Inside CE total expenditures and outside household consumption. Whether a consumption price index should weight it is a scope question C3 does not answer.
005420,"Finance, late, and interest charges for credit cards",MISC,OTHER_GOODS_SERVICES,CANDIDATE_FROM_CE_DOMAIN,,52362,4263,7705,11766,13555,15073,false,OUTSIDE_M1_AUDIT_SCOPE,ABSENT_FROM_2024_CONCORDANCE,true,false,true,"Published and 2024-active, in a CE domain the Milestone-1 audit did not cover. No mapping, scope or provenance work has been done on it."
005520,"Finance, late, and interest charges for student loans",EDUCATN,EDUCATION_COMMUNICATION,CANDIDATE_FROM_CE_DOMAIN,,9216,241,224,1218,3810,3723,false,OUTSIDE_M1_AUDIT_SCOPE,ABSENT_FROM_2024_CONCORDANCE,true,false,true,"Published and 2024-active, in a CE domain the Milestone-1 audit did not cover. No mapping, scope or provenance work has been done on it."
005620,"Finance, late, and interest charges for other loans",MISC,OTHER_GOODS_SERVICES,CANDIDATE_FROM_CE_DOMAIN,,5475,236,532,1586,1470,1650,false,OUTSIDE_M1_AUDIT_SCOPE,ABSENT_FROM_2024_CONCORDANCE,true,false,true,"Published and 2024-active, in a CE domain the Milestone-1 audit did not cover. No mapping, scope or provenance work has been done on it."
270310,Cable and satellite television services,ENTRTAIN,RECREATION,CANDIDATE_FROM_CE_DOMAIN,I,61648,9301,12990,11922,13399,14035,false,OUTSIDE_M1_AUDIT_SCOPE,NAMED_BY_2024_CONCORDANCE,true,false,true,"Published and 2024-active, in a CE domain the Milestone-1 audit did not cover. No mapping, scope or provenance work has been done on it."
270311,Satellite radio services,ENTRTAIN,RECREATION,CANDIDATE_FROM_CE_DOMAIN,I,2690,163,351,462,540,1174,false,OUTSIDE_M1_AUDIT_SCOPE,NAMED_BY_2024_CONCORDANCE,true,false,true,"Published and 2024-active, in a CE domain the Milestone-1 audit did not cover. No mapping, scope or provenance work has been done on it."
310140,Televisions,ENTRTAIN,RECREATION,CANDIDATE_FROM_CE_DOMAIN,I,12011,1294,1677,2152,2166,4721,false,OUTSIDE_M1_AUDIT_SCOPE,NAMED_BY_2024_CONCORDANCE,true,false,true,"Published and 2024-active, in a CE domain the Milestone-1 audit did not cover. No mapping, scope or provenance work has been done on it."
310210,VCR's and video disc players,ENTRTAIN,RECREATION,CANDIDATE_FROM_CE_DOMAIN,I,323,22,52,38,109,101,false,OUTSIDE_M1_AUDIT_SCOPE,NAMED_BY_2024_CONCORDANCE,true,false,true,"Published and 2024-active, in a CE domain the Milestone-1 audit did not cover. No mapping, scope or provenance work has been done on it."
310220,"Video cassettes, tapes, and discs",ENTRTAIN,RECREATION,CANDIDATE_FROM_CE_DOMAIN,D,281,18,63,37,33,130,false,OUTSIDE_M1_AUDIT_SCOPE,NAMED_BY_2024_CONCORDANCE,true,false,true,"Published and 2024-active, in a CE domain the Milestone-1 audit did not cover. No mapping, scope or provenance work has been done on it."
310231,Video game software,ENTRTAIN,RECREATION,CANDIDATE_FROM_CE_DOMAIN,I,2152,154,354,346,535,763,false,OUTSIDE_M1_AUDIT_SCOPE,NAMED_BY_2024_CONCORDANCE,true,false,true,"Published and 2024-active, in a CE domain the Milestone-1 audit did not cover. No mapping, scope or provenance work has been done on it."
310232,Video game hardware and accessories,ENTRTAIN,RECREATION,CANDIDATE_FROM_CE_DOMAIN,I,3807,436,541,721,927,1181,false,OUTSIDE_M1_AUDIT_SCOPE,NAMED_BY_2024_CONCORDANCE,true,false,true,"Published and 2024-active, in a CE domain the Milestone-1 audit did not cover. No mapping, scope or provenance work has been done on it."
310243,"Rental, streaming, and downloading videos",ENTRTAIN,RECREATION,CANDIDATE_FROM_CE_DOMAIN,,25118,1822,3164,4787,6486,8859,false,OUTSIDE_M1_AUDIT_SCOPE,ABSENT_FROM_2024_CONCORDANCE,true,false,true,"Published and 2024-active, in a CE domain the Milestone-1 audit did not cover. No mapping, scope or provenance work has been done on it."
310312,Phonographs,ENTRTAIN,RECREATION,CANDIDATE_FROM_CE_DOMAIN,D,,,,,,,false,OUTSIDE_M1_AUDIT_SCOPE,NAMED_BY_2024_CONCORDANCE,true,false,true,"Published and 2024-active, in a CE domain the Milestone-1 audit did not cover. No mapping, scope or provenance work has been done on it."
310314,Personal digital audio players,ENTRTAIN,RECREATION,CANDIDATE_FROM_CE_DOMAIN,I,46,23,7,4,3,8,false,OUTSIDE_M1_AUDIT_SCOPE,NAMED_BY_2024_CONCORDANCE,true,false,true,"Published and 2024-active, in a CE domain the Milestone-1 audit did not cover. No mapping, scope or provenance work has been done on it."
310315,Digital media players and recorders,ENTRTAIN,RECREATION,CANDIDATE_FROM_CE_DOMAIN,D,43,,,31,,12,false,OUTSIDE_M1_AUDIT_SCOPE,NAMED_BY_2024_CONCORDANCE,true,false,true,"Published and 2024-active, in a CE domain the Milestone-1 audit did not cover. No mapping, scope or provenance work has been done on it."
310316,"Stereos, radios, speakers, and sound components including those in vehicles",ENTRTAIN,RECREATION,CANDIDATE_FROM_CE_DOMAIN,I,1869,100,261,434,450,624,false,OUTSIDE_M1_AUDIT_SCOPE,NAMED_BY_2024_CONCORDANCE,true,false,true,"Published and 2024-active, in a CE domain the Milestone-1 audit did not cover. No mapping, scope or provenance work has been done on it."
310331,Miscellaneous sound equipment,ENTRTAIN,RECREATION,CANDIDATE_FROM_CE_DOMAIN,D,922,23,206,4,141,548,false,OUTSIDE_M1_AUDIT_SCOPE,NAMED_BY_2024_CONCORDANCE,true,false,true,"Published and 2024-active, in a CE domain the Milestone-1 audit did not cover. No mapping, scope or provenance work has been done on it."
310332,Sound equipment accessories,ENTRTAIN,RECREATION,CANDIDATE_FROM_CE_DOMAIN,D,4207,286,1861,345,824,890,false,OUTSIDE_M1_AUDIT_SCOPE,NAMED_BY_2024_CONCORDANCE,true,false,true,"Published and 2024-active, in a CE domain the Milestone-1 audit did not cover. No mapping, scope or provenance work has been done on it."
310334,Satellite dishes,ENTRTAIN,RECREATION,CANDIDATE_FROM_CE_DOMAIN,I,29,2,1,11,11,5,false,OUTSIDE_M1_AUDIT_SCOPE,NAMED_BY_2024_CONCORDANCE,true,false,true,"Published and 2024-active, in a CE domain the Milestone-1 audit did not cover. No mapping, scope or provenance work has been done on it."
310335,Miscellaneous video equipment,ENTRTAIN,RECREATION,CANDIDATE_FROM_CE_DOMAIN,D,2711,80,790,140,380,1322,false,OUTSIDE_M1_AUDIT_SCOPE,NAMED_BY_2024_CONCORDANCE,true,false,true,"Published and 2024-active, in a CE domain the Milestone-1 audit did not cover. No mapping, scope or provenance work has been done on it."
310340,"CDs, records, and audio tapes",ENTRTAIN,RECREATION,CANDIDATE_FROM_CE_DOMAIN,I,745,15,93,340,103,194,false,OUTSIDE_M1_AUDIT_SCOPE,NAMED_BY_2024_CONCORDANCE,true,false,true,"Published and 2024-active, in a CE domain the Milestone-1 audit did not cover. No mapping, scope or provenance work has been done on it."
310350,Streaming and downloading audio,ENTRTAIN,RECREATION,CANDIDATE_FROM_CE_DOMAIN,I,4695,314,495,821,1224,1841,false,OUTSIDE_M1_AUDIT_SCOPE,NAMED_BY_2024_CONCORDANCE,true,false,true,"Published and 2024-active, in a CE domain the Milestone-1 audit did not cover. No mapping, scope or provenance work has been done on it."
310400,"Applications, games, and ringtones for handheld devices",ENTRTAIN,RECREATION,CANDIDATE_FROM_CE_DOMAIN,I,473,46,58,110,59,201,false,OUTSIDE_M1_AUDIT_SCOPE,NAMED_BY_2024_CONCORDANCE,true,false,true,"Published and 2024-active, in a CE domain the Milestone-1 audit did not cover. No mapping, scope or provenance work has been done on it."
340610,"Repair of televisions, radio, and sound equipment",ENTRTAIN,RECREATION,CANDIDATE_FROM_CE_DOMAIN,I,493,16,56,84,230,108,false,OUTSIDE_M1_AUDIT_SCOPE,NAMED_BY_2024_CONCORDANCE,true,false,true,"Published and 2024-active, in a CE domain the Milestone-1 audit did not cover. No mapping, scope or provenance work has been done on it."
340902,Rental of televisions,ENTRTAIN,RECREATION,CANDIDATE_FROM_CE_DOMAIN,I,22,,2,8,12,,false,OUTSIDE_M1_AUDIT_SCOPE,NAMED_BY_2024_CONCORDANCE,true,false,true,"Published and 2024-active, in a CE domain the Milestone-1 audit did not cover. No mapping, scope or provenance work has been done on it."
340905,"Rental of VCR, radio, and sound equipment",ENTRTAIN,RECREATION,CANDIDATE_FROM_CE_DOMAIN,I,18,12,,,,6,false,OUTSIDE_M1_AUDIT_SCOPE,NAMED_BY_2024_CONCORDANCE,true,false,true,"Published and 2024-active, in a CE domain the Milestone-1 audit did not cover. No mapping, scope or provenance work has been done on it."
360110,Men's suits,APPAREL,APPAREL,CANDIDATE_FROM_CE_DOMAIN,I,4451,339,271,432,881,2529,false,OUTSIDE_M1_AUDIT_SCOPE,NAMED_BY_2024_CONCORDANCE,true,false,true,"Published and 2024-active, in a CE domain the Milestone-1 audit did not cover. No mapping, scope or provenance work has been done on it."
360120,Men's sportcoats and tailored jackets,APPAREL,APPAREL,CANDIDATE_FROM_CE_DOMAIN,D,130,15,7,,24,84,false,OUTSIDE_M1_AUDIT_SCOPE,NAMED_BY_2024_CONCORDANCE,true,false,true,"Published and 2024-active, in a CE domain the Milestone-1 audit did not cover. No mapping, scope or provenance work has been done on it."
360210,Men's coats and jackets,APPAREL,APPAREL,CANDIDATE_FROM_CE_DOMAIN,D,6180,719,1704,485,857,2415,false,OUTSIDE_M1_AUDIT_SCOPE,NAMED_BY_2024_CONCORDANCE,true,false,true,"Published and 2024-active, in a CE domain the Milestone-1 audit did not cover. No mapping, scope or provenance work has been done on it."
360319,"Men's underwear, hosiery, nightwear, and swimwear",APPAREL,APPAREL,CANDIDATE_FROM_CE_DOMAIN,D,7174,1023,1023,1053,1580,2496,false,OUTSIDE_M1_AUDIT_SCOPE,NAMED_BY_2024_CONCORDANCE,true,false,true,"Published and 2024-active, in a CE domain the Milestone-1 audit did not cover. No mapping, scope or provenance work has been done on it."
360330,Men's accessories,APPAREL,APPAREL,CANDIDATE_FROM_CE_DOMAIN,D,6678,776,598,1861,1249,2193,false,OUTSIDE_M1_AUDIT_SCOPE,NAMED_BY_2024_CONCORDANCE,true,false,true,"Published and 2024-active, in a CE domain the Milestone-1 audit did not cover. No mapping, scope or provenance work has been done on it."
360420,"Men's shirts, sweaters, and vests",APPAREL,APPAREL,CANDIDATE_FROM_CE_DOMAIN,D,13573,1234,1601,2001,3468,5268,false,OUTSIDE_M1_AUDIT_SCOPE,NAMED_BY_2024_CONCORDANCE,true,false,true,"Published and 2024-active, in a CE domain the Milestone-1 audit did not cover. No mapping, scope or provenance work has been done on it."
360513,Men's pants and shorts,APPAREL,APPAREL,CANDIDATE_FROM_CE_DOMAIN,D,12205,1036,1985,2042,2575,4566,false,OUTSIDE_M1_AUDIT_SCOPE,NAMED_BY_2024_CONCORDANCE,true,false,true,"Published and 2024-active, in a CE domain the Milestone-1 audit did not cover. No mapping, scope or provenance work has been done on it."
360901,Men's uniforms,APPAREL,APPAREL,CANDIDATE_FROM_CE_DOMAIN,D,99,,60,39,,,false,OUTSIDE_M1_AUDIT_SCOPE,NAMED_BY_2024_CONCORDANCE,true,false,true,"Published and 2024-active, in a CE domain the Milestone-1 audit did not cover. No mapping, scope or provenance work has been done on it."
360902,Men's costumes,APPAREL,APPAREL,CANDIDATE_FROM_CE_DOMAIN,D,169,33,,10,77,49,false,OUTSIDE_M1_AUDIT_SCOPE,NAMED_BY_2024_CONCORDANCE,true,false,true,"Published and 2024-active, in a CE domain the Milestone-1 audit did not cover. No mapping, scope or provenance work has been done on it."
370110,Boys' coats and jackets,APPAREL,APPAREL,CANDIDATE_FROM_CE_DOMAIN,D,1435,297,110,251,230,546,false,OUTSIDE_M1_AUDIT_SCOPE,NAMED_BY_2024_CONCORDANCE,true,false,true,"Published and 2024-active, in a CE domain the Milestone-1 audit did not cover. No mapping, scope or provenance work has been done on it."
370125,Boys' shirts and sweaters,APPAREL,APPAREL,CANDIDATE_FROM_CE_DOMAIN,D,2797,405,187,437,519,1249,false,OUTSIDE_M1_AUDIT_SCOPE,NAMED_BY_2024_CONCORDANCE,true,false,true,"Published and 2024-active, in a CE domain the Milestone-1 audit did not cover. No mapping, scope or provenance work has been done on it."
370219,"Boy's underwear, hosiery, nightwear, and swimwear",APPAREL,APPAREL,CANDIDATE_FROM_CE_DOMAIN,D,3481,276,491,576,474,1665,false,OUTSIDE_M1_AUDIT_SCOPE,NAMED_BY_2024_CONCORDANCE,true,false,true,"Published and 2024-active, in a CE domain the Milestone-1 audit did not cover. No mapping, scope or provenance work has been done on it."
370220,Boys' accessories,APPAREL,APPAREL,CANDIDATE_FROM_CE_DOMAIN,D,1029,27,65,180,143,614,false,OUTSIDE_M1_AUDIT_SCOPE,NAMED_BY_2024_CONCORDANCE,true,false,true,"Published and 2024-active, in a CE domain the Milestone-1 audit did not cover. No mapping, scope or provenance work has been done on it."
370319,"Boy's suits, sportscoats, pants, and shorts",APPAREL,APPAREL,CANDIDATE_FROM_CE_DOMAIN,D,3085,307,268,408,597,1504,false,OUTSIDE_M1_AUDIT_SCOPE,NAMED_BY_2024_CONCORDANCE,true,false,true,"Published and 2024-active, in a CE domain the Milestone-1 audit did not cover. No mapping, scope or provenance work has been done on it."
370902,Boys' costumes,APPAREL,APPAREL,CANDIDATE_FROM_CE_DOMAIN,D,562,167,30,69,146,149,false,OUTSIDE_M1_AUDIT_SCOPE,NAMED_BY_2024_CONCORDANCE,true,false,true,"Published and 2024-active, in a CE domain the Milestone-1 audit did not cover. No mapping, scope or provenance work has been done on it."
370903,Boys' uniforms,APPAREL,APPAREL,CANDIDATE_FROM_CE_DOMAIN,D,107,15,,19,19,54,false,OUTSIDE_M1_AUDIT_SCOPE,NAMED_BY_2024_CONCORDANCE,true,false,true,"Published and 2024-active, in a CE domain the Milestone-1 audit did not cover. No mapping, scope or provenance work has been done on it."
380110,Women's coats and jackets,APPAREL,APPAREL,CANDIDATE_FROM_CE_DOMAIN,D,6629,1542,956,847,1268,2015,false,OUTSIDE_M1_AUDIT_SCOPE,NAMED_BY_2024_CONCORDANCE,true,false,true,"Published and 2024-active, in a CE domain the Milestone-1 audit did not cover. No mapping, scope or provenance work has been done on it."
380210,Women's dresses,APPAREL,APPAREL,CANDIDATE_FROM_CE_DOMAIN,D,12513,1062,1041,2244,2548,5617,false,OUTSIDE_M1_AUDIT_SCOPE,NAMED_BY_2024_CONCORDANCE,true,false,true,"Published and 2024-active, in a CE domain the Milestone-1 audit did not cover. No mapping, scope or provenance work has been done on it."
380319,Women's tops,APPAREL,APPAREL,CANDIDATE_FROM_CE_DOMAIN,D,23432,2627,3137,4047,4781,8840,false,OUTSIDE_M1_AUDIT_SCOPE,NAMED_BY_2024_CONCORDANCE,true,false,true,"Published and 2024-active, in a CE domain the Milestone-1 audit did not cover. No mapping, scope or provenance work has been done on it."
380339,"Women's skirts, pants, and shorts",APPAREL,APPAREL,CANDIDATE_FROM_CE_DOMAIN,D,16129,1896,2435,2783,3875,5140,false,OUTSIDE_M1_AUDIT_SCOPE,NAMED_BY_2024_CONCORDANCE,true,false,true,"Published and 2024-active, in a CE domain the Milestone-1 audit did not cover. No mapping, scope or provenance work has been done on it."
380429,"Women's undergarments, nightwear, and swimwear",APPAREL,APPAREL,CANDIDATE_FROM_CE_DOMAIN,D,9345,1047,1677,1531,1528,3562,false,OUTSIDE_M1_AUDIT_SCOPE,NAMED_BY_2024_CONCORDANCE,true,false,true,"Published and 2024-active, in a CE domain the Milestone-1 audit did not cover. No mapping, scope or provenance work has been done on it."
380430,Women's hosiery,APPAREL,APPAREL,CANDIDATE_FROM_CE_DOMAIN,D,2677,279,510,432,508,948,false,OUTSIDE_M1_AUDIT_SCOPE,NAMED_BY_2024_CONCORDANCE,true,false,true,"Published and 2024-active, in a CE domain the Milestone-1 audit did not cover. No mapping, scope or provenance work has been done on it."
380510,Women's suits,APPAREL,APPAREL,CANDIDATE_FROM_CE_DOMAIN,D,173,,55,,118,,false,OUTSIDE_M1_AUDIT_SCOPE,NAMED_BY_2024_CONCORDANCE,true,false,true,"Published and 2024-active, in a CE domain the Milestone-1 audit did not cover. No mapping, scope or provenance work has been done on it."
380901,Women's accessories,APPAREL,APPAREL,CANDIDATE_FROM_CE_DOMAIN,D,13106,1040,1780,2133,2608,5545,false,OUTSIDE_M1_AUDIT_SCOPE,NAMED_BY_2024_CONCORDANCE,true,false,true,"Published and 2024-active, in a CE domain the Milestone-1 audit did not cover. No mapping, scope or provenance work has been done on it."
380909,Women's costumes and uniforms,APPAREL,APPAREL,CANDIDATE_FROM_CE_DOMAIN,D,1502,87,167,1,230,1017,false,OUTSIDE_M1_AUDIT_SCOPE,NAMED_BY_2024_CONCORDANCE,true,false,true,"Published and 2024-active, in a CE domain the Milestone-1 audit did not cover. No mapping, scope or provenance work has been done on it."
390110,Girls' coats and jackets,APPAREL,APPAREL,CANDIDATE_FROM_CE_DOMAIN,D,883,121,109,180,63,409,false,OUTSIDE_M1_AUDIT_SCOPE,NAMED_BY_2024_CONCORDANCE,true,false,true,"Published and 2024-active, in a CE domain the Milestone-1 audit did not cover. No mapping, scope or provenance work has been done on it."
390120,Girls' dresses and suits,APPAREL,APPAREL,CANDIDATE_FROM_CE_DOMAIN,D,1689,179,145,283,333,749,false,OUTSIDE_M1_AUDIT_SCOPE,NAMED_BY_2024_CONCORDANCE,true,false,true,"Published and 2024-active, in a CE domain the Milestone-1 audit did not cover. No mapping, scope or provenance work has been done on it."
390210,"Girls' shirts, blouses, sweaters, and vests",APPAREL,APPAREL,CANDIDATE_FROM_CE_DOMAIN,D,4529,399,537,942,1001,1650,false,OUTSIDE_M1_AUDIT_SCOPE,NAMED_BY_2024_CONCORDANCE,true,false,true,"Published and 2024-active, in a CE domain the Milestone-1 audit did not cover. No mapping, scope or provenance work has been done on it."
390223,"Girls' skirts, pants, and shorts",APPAREL,APPAREL,CANDIDATE_FROM_CE_DOMAIN,D,2832,441,393,420,619,960,false,OUTSIDE_M1_AUDIT_SCOPE,NAMED_BY_2024_CONCORDANCE,true,false,true,"Published and 2024-active, in a CE domain the Milestone-1 audit did not cover. No mapping, scope or provenance work has been done on it."
390319,"Girl's underwear, nightwear, hosiery, and swimwear",APPAREL,APPAREL,CANDIDATE_FROM_CE_DOMAIN,D,2625,414,329,277,517,1088,false,OUTSIDE_M1_AUDIT_SCOPE,NAMED_BY_2024_CONCORDANCE,true,false,true,"Published and 2024-active, in a CE domain the Milestone-1 audit did not cover. No mapping, scope or provenance work has been done on it."
390322,Girls' accessories,APPAREL,APPAREL,CANDIDATE_FROM_CE_DOMAIN,D,1712,78,262,535,297,541,false,OUTSIDE_M1_AUDIT_SCOPE,NAMED_BY_2024_CONCORDANCE,true,false,true,"Published and 2024-active, in a CE domain the Milestone-1 audit did not cover. No mapping, scope or provenance work has been done on it."
390901,Girls' uniforms,APPAREL,APPAREL,CANDIDATE_FROM_CE_DOMAIN,D,620,22,28,32,28,509,false,OUTSIDE_M1_AUDIT_SCOPE,NAMED_BY_2024_CONCORDANCE,true,false,true,"Published and 2024-active, in a CE domain the Milestone-1 audit did not cover. No mapping, scope or provenance work has been done on it."
390902,Girls' costumes,APPAREL,APPAREL,CANDIDATE_FROM_CE_DOMAIN,D,236,40,6,,63,126,false,OUTSIDE_M1_AUDIT_SCOPE,NAMED_BY_2024_CONCORDANCE,true,false,true,"Published and 2024-active, in a CE domain the Milestone-1 audit did not cover. No mapping, scope or provenance work has been done on it."
400110,Men's footwear,APPAREL,APPAREL,CANDIDATE_FROM_CE_DOMAIN,D,20829,3107,2354,3927,4087,7354,false,OUTSIDE_M1_AUDIT_SCOPE,NAMED_BY_2024_CONCORDANCE,true,false,true,"Published and 2024-active, in a CE domain the Milestone-1 audit did not cover. No mapping, scope or provenance work has been done on it."
400210,Boys' footwear,APPAREL,APPAREL,CANDIDATE_FROM_CE_DOMAIN,D,7460,1097,525,1281,1710,2848,false,OUTSIDE_M1_AUDIT_SCOPE,NAMED_BY_2024_CONCORDANCE,true,false,true,"Published and 2024-active, in a CE domain the Milestone-1 audit did not cover. No mapping, scope or provenance work has been done on it."
400220,Girls' footwear,APPAREL,APPAREL,CANDIDATE_FROM_CE_DOMAIN,D,5737,970,418,1295,1058,1996,false,OUTSIDE_M1_AUDIT_SCOPE,NAMED_BY_2024_CONCORDANCE,true,false,true,"Published and 2024-active, in a CE domain the Milestone-1 audit did not cover. No mapping, scope or provenance work has been done on it."
400310,Women's footwear,APPAREL,APPAREL,CANDIDATE_FROM_CE_DOMAIN,D,28375,2983,4798,4722,5314,10558,false,OUTSIDE_M1_AUDIT_SCOPE,NAMED_BY_2024_CONCORDANCE,true,false,true,"Published and 2024-active, in a CE domain the Milestone-1 audit did not cover. No mapping, scope or provenance work has been done on it."
410119,"Infant's and toddler's outerwear, dresses, nightwear, and accessories",APPAREL,APPAREL,CANDIDATE_FROM_CE_DOMAIN,D,3629,201,570,343,1101,1413,false,OUTSIDE_M1_AUDIT_SCOPE,NAMED_BY_2024_CONCORDANCE,true,false,true,"Published and 2024-active, in a CE domain the Milestone-1 audit did not cover. No mapping, scope or provenance work has been done on it."
410130,Infant underwear,APPAREL,APPAREL,CANDIDATE_FROM_CE_DOMAIN,D,6834,360,894,1027,1873,2680,false,OUTSIDE_M1_AUDIT_SCOPE,NAMED_BY_2024_CONCORDANCE,true,false,true,"Published and 2024-active, in a CE domain the Milestone-1 audit did not cover. No mapping, scope or provenance work has been done on it."
420115,"Material and supplies for sewing, needlework, and quilting (includes household items)",APPAREL,APPAREL,CANDIDATE_FROM_CE_DOMAIN,I,4061,423,767,776,973,1123,false,OUTSIDE_M1_AUDIT_SCOPE,NAMED_BY_2024_CONCORDANCE,true,false,true,"Published and 2024-active, in a CE domain the Milestone-1 audit did not cover. No mapping, scope or provenance work has been done on it."
430110,Watches,APPAREL,APPAREL,CANDIDATE_FROM_CE_DOMAIN,I,3507,109,141,359,379,2520,false,OUTSIDE_M1_AUDIT_SCOPE,NAMED_BY_2024_CONCORDANCE,true,false,true,"Published and 2024-active, in a CE domain the Milestone-1 audit did not cover. No mapping, scope or provenance work has been done on it."
430120,Jewelry,APPAREL,APPAREL,CANDIDATE_FROM_CE_DOMAIN,I,12185,629,1058,1789,2949,5759,false,OUTSIDE_M1_AUDIT_SCOPE,NAMED_BY_2024_CONCORDANCE,true,false,true,"Published and 2024-active, in a CE domain the Milestone-1 audit did not cover. No mapping, scope or provenance work has been done on it."
440110,Shoe repair and other shoe services,APPAREL,APPAREL,CANDIDATE_FROM_CE_DOMAIN,I,271,33,51,47,58,83,false,OUTSIDE_M1_AUDIT_SCOPE,NAMED_BY_2024_CONCORDANCE,true,false,true,"Published and 2024-active, in a CE domain the Milestone-1 audit did not cover. No mapping, scope or provenance work has been done on it."
440120,Coin-operated apparel laundry and dry cleaning,APPAREL,APPAREL,CANDIDATE_FROM_CE_DOMAIN,I,6612,2074,1705,1389,942,502,false,OUTSIDE_M1_AUDIT_SCOPE,NAMED_BY_2024_CONCORDANCE,true,false,true,"Published and 2024-active, in a CE domain the Milestone-1 audit did not cover. No mapping, scope or provenance work has been done on it."
440130,"Alteration, repair, and tailoring of apparel and accessories",APPAREL,APPAREL,CANDIDATE_FROM_CE_DOMAIN,I,854,79,82,124,177,392,false,OUTSIDE_M1_AUDIT_SCOPE,NAMED_BY_2024_CONCORDANCE,true,false,true,"Published and 2024-active, in a CE domain the Milestone-1 audit did not cover. No mapping, scope or provenance work has been done on it."
440140,Clothing rental,APPAREL,APPAREL,CANDIDATE_FROM_CE_DOMAIN,I,543,35,52,115,160,181,false,OUTSIDE_M1_AUDIT_SCOPE,NAMED_BY_2024_CONCORDANCE,true,false,true,"Published and 2024-active, in a CE domain the Milestone-1 audit did not cover. No mapping, scope or provenance work has been done on it."
440150,Watch and jewelry repair,APPAREL,APPAREL,CANDIDATE_FROM_CE_DOMAIN,I,928,85,164,60,128,491,false,OUTSIDE_M1_AUDIT_SCOPE,NAMED_BY_2024_CONCORDANCE,true,false,true,"Published and 2024-active, in a CE domain the Milestone-1 audit did not cover. No mapping, scope or provenance work has been done on it."
440210,Apparel laundry and dry cleaning not coin-operated,APPAREL,APPAREL,CANDIDATE_FROM_CE_DOMAIN,I,5055,198,377,615,925,2940,false,OUTSIDE_M1_AUDIT_SCOPE,NAMED_BY_2024_CONCORDANCE,true,false,true,"Published and 2024-active, in a CE domain the Milestone-1 audit did not cover. No mapping, scope or provenance work has been done on it."
440900,Clothing storage,APPAREL,APPAREL,CANDIDATE_FROM_CE_DOMAIN,I,194,50,43,25,5,71,false,OUTSIDE_M1_AUDIT_SCOPE,NAMED_BY_2024_CONCORDANCE,true,false,true,"Published and 2024-active, in a CE domain the Milestone-1 audit did not cover. No mapping, scope or provenance work has been done on it."
520901,Docking and landing fees,ENTRTAIN,RECREATION,CANDIDATE_FROM_CE_DOMAIN,I,2255,43,59,94,167,1891,false,OUTSIDE_M1_AUDIT_SCOPE,NAMED_BY_2024_CONCORDANCE,true,false,true,"Published and 2024-active, in a CE domain the Milestone-1 audit did not cover. No mapping, scope or provenance work has been done on it."
520904,Rental noncamper trailers,ENTRTAIN,RECREATION,CANDIDATE_FROM_CE_DOMAIN,I,0,,,,,0,false,OUTSIDE_M1_AUDIT_SCOPE,NAMED_BY_2024_CONCORDANCE,true,false,true,"Published and 2024-active, in a CE domain the Milestone-1 audit did not cover. No mapping, scope or provenance work has been done on it."
520907,Boat and trailer rentals on out of town trips,ENTRTAIN,RECREATION,CANDIDATE_FROM_CE_DOMAIN,I,3,,,,,3,false,OUTSIDE_M1_AUDIT_SCOPE,NAMED_BY_2024_CONCORDANCE,true,false,true,"Published and 2024-active, in a CE domain the Milestone-1 audit did not cover. No mapping, scope or provenance work has been done on it."
540000,Prescription drugs,HEALTH,MEDICAL_CARE,CANDIDATE_FROM_CE_DOMAIN,I,51690,5913,10039,9546,10584,15607,false,OUTSIDE_M1_AUDIT_SCOPE,NAMED_BY_2024_CONCORDANCE,true,false,true,"Published and 2024-active, in a CE domain the Milestone-1 audit did not cover. No mapping, scope or provenance work has been done on it."
550110,Eyeglasses and contact lenses,HEALTH,MEDICAL_CARE,CANDIDATE_FROM_CE_DOMAIN,I,14961,1226,1833,2424,3967,5512,false,OUTSIDE_M1_AUDIT_SCOPE,NAMED_BY_2024_CONCORDANCE,true,false,true,"Published and 2024-active, in a CE domain the Milestone-1 audit did not cover. No mapping, scope or provenance work has been done on it."
550210,Nonprescription drugs,HEALTH,MEDICAL_CARE,CANDIDATE_FROM_CE_DOMAIN,D,19309,2759,3580,3230,4479,5260,false,OUTSIDE_M1_AUDIT_SCOPE,NAMED_BY_2024_CONCORDANCE,true,false,true,"Published and 2024-active, in a CE domain the Milestone-1 audit did not cover. No mapping, scope or provenance work has been done on it."
550219,Vitamins and supplements,HEALTH,MEDICAL_CARE,CANDIDATE_FROM_CE_DOMAIN,D,18183,2585,3857,2663,3924,5155,false,OUTSIDE_M1_AUDIT_SCOPE,NAMED_BY_2024_CONCORDANCE,true,false,true,"Published and 2024-active, in a CE domain the Milestone-1 audit did not cover. No mapping, scope or provenance work has been done on it."
550310,Topicals and dressings,HEALTH,MEDICAL_CARE,CANDIDATE_FROM_CE_DOMAIN,D,5425,706,815,1027,1305,1573,false,OUTSIDE_M1_AUDIT_SCOPE,NAMED_BY_2024_CONCORDANCE,true,false,true,"Published and 2024-active, in a CE domain the Milestone-1 audit did not cover. No mapping, scope or provenance work has been done on it."
550340,Hearing aids,HEALTH,MEDICAL_CARE,CANDIDATE_FROM_CE_DOMAIN,I,4614,740,505,1120,614,1635,false,OUTSIDE_M1_AUDIT_SCOPE,NAMED_BY_2024_CONCORDANCE,true,false,true,"Published and 2024-active, in a CE domain the Milestone-1 audit did not cover. No mapping, scope or provenance work has been done on it."
550350,Purchase/rental of supportive and convalescent medical equipment,HEALTH,MEDICAL_CARE,CANDIDATE_FROM_CE_DOMAIN,I,6573,3160,636,828,909,1040,false,OUTSIDE_M1_AUDIT_SCOPE,NAMED_BY_2024_CONCORDANCE,true,false,true,"Published and 2024-active, in a CE domain the Milestone-1 audit did not cover. No mapping, scope or provenance work has been done on it."
560110,Physician's services,HEALTH,MEDICAL_CARE,CANDIDATE_FROM_CE_DOMAIN,I,27742,1866,3043,4154,6623,12056,false,OUTSIDE_M1_AUDIT_SCOPE,NAMED_BY_2024_CONCORDANCE,true,false,true,"Published and 2024-active, in a CE domain the Milestone-1 audit did not cover. No mapping, scope or provenance work has been done on it."
560210,Dental services,HEALTH,MEDICAL_CARE,CANDIDATE_FROM_CE_DOMAIN,I,54534,5830,8245,9444,12232,18784,false,OUTSIDE_M1_AUDIT_SCOPE,NAMED_BY_2024_CONCORDANCE,true,false,true,"Published and 2024-active, in a CE domain the Milestone-1 audit did not cover. No mapping, scope or provenance work has been done on it."
560310,Eyecare services,HEALTH,MEDICAL_CARE,CANDIDATE_FROM_CE_DOMAIN,I,9065,987,1634,1433,1871,3140,false,OUTSIDE_M1_AUDIT_SCOPE,NAMED_BY_2024_CONCORDANCE,true,false,true,"Published and 2024-active, in a CE domain the Milestone-1 audit did not cover. No mapping, scope or provenance work has been done on it."
560330,Lab tests and x-rays,HEALTH,MEDICAL_CARE,CANDIDATE_FROM_CE_DOMAIN,I,7588,678,917,1088,1784,3121,false,OUTSIDE_M1_AUDIT_SCOPE,NAMED_BY_2024_CONCORDANCE,true,false,true,"Published and 2024-active, in a CE domain the Milestone-1 audit did not cover. No mapping, scope or provenance work has been done on it."
560410,Non physician services inside the home,HEALTH,MEDICAL_CARE,CANDIDATE_FROM_CE_DOMAIN,I,4672,797,508,258,909,2200,false,OUTSIDE_M1_AUDIT_SCOPE,NAMED_BY_2024_CONCORDANCE,true,false,true,"Published and 2024-active, in a CE domain the Milestone-1 audit did not cover. No mapping, scope or provenance work has been done on it."
560420,Non physician services outside the home,HEALTH,MEDICAL_CARE,CANDIDATE_FROM_CE_DOMAIN,I,13835,786,1339,1968,3943,5799,false,OUTSIDE_M1_AUDIT_SCOPE,NAMED_BY_2024_CONCORDANCE,true,false,true,"Published and 2024-active, in a CE domain the Milestone-1 audit did not cover. No mapping, scope or provenance work has been done on it."
570111,Hospital room and services,HEALTH,MEDICAL_CARE,CANDIDATE_FROM_CE_DOMAIN,I,43136,2904,5431,7561,10206,17034,false,OUTSIDE_M1_AUDIT_SCOPE,NAMED_BY_2024_CONCORDANCE,true,false,true,"Published and 2024-active, in a CE domain the Milestone-1 audit did not cover. No mapping, scope or provenance work has been done on it."
570220,Care in convalescent or nursing home,HEALTH,MEDICAL_CARE,CANDIDATE_FROM_CE_DOMAIN,I,9157,4085,1937,2725,,410,false,OUTSIDE_M1_AUDIT_SCOPE,NAMED_BY_2024_CONCORDANCE,true,false,true,"Published and 2024-active, in a CE domain the Milestone-1 audit did not cover. No mapping, scope or provenance work has been done on it."
570230,Other medical care services,HEALTH,MEDICAL_CARE,CANDIDATE_FROM_CE_DOMAIN,D,156,6,6,19,66,58,false,OUTSIDE_M1_AUDIT_SCOPE,NAMED_BY_2024_CONCORDANCE,true,false,true,"Published and 2024-active, in a CE domain the Milestone-1 audit did not cover. No mapping, scope or provenance work has been done on it."
570240,Medical care in retirement community,HEALTH,MEDICAL_CARE,CANDIDATE_FROM_CE_DOMAIN,,,,,,,,false,OUTSIDE_M1_AUDIT_SCOPE,ABSENT_FROM_2024_CONCORDANCE,true,false,true,"Published and 2024-active, in a CE domain the Milestone-1 audit did not cover. No mapping, scope or provenance work has been done on it."
570901,Rental of medical equipment,HEALTH,MEDICAL_CARE,CANDIDATE_FROM_CE_DOMAIN,I,14,,,2,12,0,false,OUTSIDE_M1_AUDIT_SCOPE,NAMED_BY_2024_CONCORDANCE,true,false,true,"Published and 2024-active, in a CE domain the Milestone-1 audit did not cover. No mapping, scope or provenance work has been done on it."
570902,Repair of medical equipment,HEALTH,MEDICAL_CARE,CANDIDATE_FROM_CE_DOMAIN,D,41,,,,12,29,false,OUTSIDE_M1_AUDIT_SCOPE,NAMED_BY_2024_CONCORDANCE,true,false,true,"Published and 2024-active, in a CE domain the Milestone-1 audit did not cover. No mapping, scope or provenance work has been done on it."
570903,Rental of supportive and convalescent medical equipment,HEALTH,MEDICAL_CARE,CANDIDATE_FROM_CE_DOMAIN,I,16,3,5,0,,8,false,OUTSIDE_M1_AUDIT_SCOPE,NAMED_BY_2024_CONCORDANCE,true,false,true,"Published and 2024-active, in a CE domain the Milestone-1 audit did not cover. No mapping, scope or provenance work has been done on it."
580115,Fee for service health plan (not BCBS),HEALTH,MEDICAL_CARE,CANDIDATE_FROM_CE_DOMAIN,I,108196,4065,8875,17730,29281,48245,false,OUTSIDE_M1_AUDIT_SCOPE,NAMED_BY_2024_CONCORDANCE,true,false,true,"Published and 2024-active, in a CE domain the Milestone-1 audit did not cover. No mapping, scope or provenance work has been done on it."
580116,Fee for service health plan (BCBS),HEALTH,MEDICAL_CARE,CANDIDATE_FROM_CE_DOMAIN,I,112400,4068,9639,18775,31010,48907,false,OUTSIDE_M1_AUDIT_SCOPE,NAMED_BY_2024_CONCORDANCE,true,false,true,"Published and 2024-active, in a CE domain the Milestone-1 audit did not cover. No mapping, scope or provenance work has been done on it."
580311,Health maintenance organization (not BCBS),HEALTH,MEDICAL_CARE,CANDIDATE_FROM_CE_DOMAIN,I,78990,4194,7421,14591,26717,26067,false,OUTSIDE_M1_AUDIT_SCOPE,NAMED_BY_2024_CONCORDANCE,true,false,true,"Published and 2024-active, in a CE domain the Milestone-1 audit did not cover. No mapping, scope or provenance work has been done on it."
580312,Health maintenance organization (BCBS),HEALTH,MEDICAL_CARE,CANDIDATE_FROM_CE_DOMAIN,I,30474,1191,2901,6134,8786,11462,false,OUTSIDE_M1_AUDIT_SCOPE,NAMED_BY_2024_CONCORDANCE,true,false,true,"Published and 2024-active, in a CE domain the Milestone-1 audit did not cover. No mapping, scope or provenance work has been done on it."
580401,Long term care insurance (not BCBS),HEALTH,MEDICAL_CARE,CANDIDATE_FROM_CE_DOMAIN,I,6227,581,1241,1497,963,1945,false,OUTSIDE_M1_AUDIT_SCOPE,NAMED_BY_2024_CONCORDANCE,true,false,true,"Published and 2024-active, in a CE domain the Milestone-1 audit did not cover. No mapping, scope or provenance work has been done on it."
580402,Long term care insurance (BCBS),HEALTH,MEDICAL_CARE,CANDIDATE_FROM_CE_DOMAIN,I,719,2,31,76,314,296,false,OUTSIDE_M1_AUDIT_SCOPE,NAMED_BY_2024_CONCORDANCE,true,false,true,"Published and 2024-active, in a CE domain the Milestone-1 audit did not cover. No mapping, scope or provenance work has been done on it."
580411,Dental care insurance (not BCBS),HEALTH,MEDICAL_CARE,CANDIDATE_FROM_CE_DOMAIN,I,20928,1091,2224,4012,6096,7505,false,OUTSIDE_M1_AUDIT_SCOPE,NAMED_BY_2024_CONCORDANCE,true,false,true,"Published and 2024-active, in a CE domain the Milestone-1 audit did not cover. No mapping, scope or provenance work has been done on it."
580412,Dental care insurance (BCBS),HEALTH,MEDICAL_CARE,CANDIDATE_FROM_CE_DOMAIN,I,2514,135,321,435,667,956,false,OUTSIDE_M1_AUDIT_SCOPE,NAMED_BY_2024_CONCORDANCE,true,false,true,"Published and 2024-active, in a CE domain the Milestone-1 audit did not cover. No mapping, scope or provenance work has been done on it."
580421,Prescription drug insurance (not BCBS),HEALTH,MEDICAL_CARE,CANDIDATE_FROM_CE_DOMAIN,I,912,79,248,189,183,212,false,OUTSIDE_M1_AUDIT_SCOPE,NAMED_BY_2024_CONCORDANCE,true,false,true,"Published and 2024-active, in a CE domain the Milestone-1 audit did not cover. No mapping, scope or provenance work has been done on it."
580422,Prescription drug insurance (BCBS),HEALTH,MEDICAL_CARE,CANDIDATE_FROM_CE_DOMAIN,I,198,20,4,101,67,6,false,OUTSIDE_M1_AUDIT_SCOPE,NAMED_BY_2024_CONCORDANCE,true,false,true,"Published and 2024-active, in a CE domain the Milestone-1 audit did not cover. No mapping, scope or provenance work has been done on it."
580431,Vision care insurance (not BCBS),HEALTH,MEDICAL_CARE,CANDIDATE_FROM_CE_DOMAIN,I,4901,204,689,885,1341,1782,false,OUTSIDE_M1_AUDIT_SCOPE,NAMED_BY_2024_CONCORDANCE,true,false,true,"Published and 2024-active, in a CE domain the Milestone-1 audit did not cover. No mapping, scope or provenance work has been done on it."
580432,Vision care insurance (BCBS),HEALTH,MEDICAL_CARE,CANDIDATE_FROM_CE_DOMAIN,I,492,32,60,81,116,203,false,OUTSIDE_M1_AUDIT_SCOPE,NAMED_BY_2024_CONCORDANCE,true,false,true,"Published and 2024-active, in a CE domain the Milestone-1 audit did not cover. No mapping, scope or provenance work has been done on it."
580441,Other single service insurance (not BCBS),HEALTH,MEDICAL_CARE,CANDIDATE_FROM_CE_DOMAIN,I,2087,315,159,558,611,443,false,OUTSIDE_M1_AUDIT_SCOPE,NAMED_BY_2024_CONCORDANCE,true,false,true,"Published and 2024-active, in a CE domain the Milestone-1 audit did not cover. No mapping, scope or provenance work has been done on it."
580442,Other single service insurance (BCBS),HEALTH,MEDICAL_CARE,CANDIDATE_FROM_CE_DOMAIN,I,425,82,58,71,144,70,false,OUTSIDE_M1_AUDIT_SCOPE,NAMED_BY_2024_CONCORDANCE,true,false,true,"Published and 2024-active, in a CE domain the Milestone-1 audit did not cover. No mapping, scope or provenance work has been done on it."
580901,Medicare payments,HEALTH,MEDICAL_CARE,CANDIDATE_FROM_CE_DOMAIN,I,128533,32862,37639,26538,18814,12679,false,OUTSIDE_M1_AUDIT_SCOPE,NAMED_BY_2024_CONCORDANCE,true,false,true,"Published and 2024-active, in a CE domain the Milestone-1 audit did not cover. No mapping, scope or provenance work has been done on it."
580903,Commercial medicare supplement (not BCBS),HEALTH,MEDICAL_CARE,CANDIDATE_FROM_CE_DOMAIN,I,39256,7202,11804,8954,6154,5141,false,OUTSIDE_M1_AUDIT_SCOPE,NAMED_BY_2024_CONCORDANCE,true,false,true,"Published and 2024-active, in a CE domain the Milestone-1 audit did not cover. No mapping, scope or provenance work has been done on it."
580904,Commercial medicare supplement (BCBS),HEALTH,MEDICAL_CARE,CANDIDATE_FROM_CE_DOMAIN,I,2231,248,677,599,511,196,false,OUTSIDE_M1_AUDIT_SCOPE,NAMED_BY_2024_CONCORDANCE,true,false,true,"Published and 2024-active, in a CE domain the Milestone-1 audit did not cover. No mapping, scope or provenance work has been done on it."
580907,Medicare prescription drug premiums,HEALTH,MEDICAL_CARE,CANDIDATE_FROM_CE_DOMAIN,I,7515,1535,2176,1561,1156,1086,false,OUTSIDE_M1_AUDIT_SCOPE,NAMED_BY_2024_CONCORDANCE,true,false,true,"Published and 2024-active, in a CE domain the Milestone-1 audit did not cover. No mapping, scope or provenance work has been done on it."
580908,Medicaid premiums,HEALTH,MEDICAL_CARE,CANDIDATE_FROM_CE_DOMAIN,,1662,350,489,254,280,289,false,OUTSIDE_M1_AUDIT_SCOPE,ABSENT_FROM_2024_CONCORDANCE,true,false,true,"Published and 2024-active, in a CE domain the Milestone-1 audit did not cover. No mapping, scope or provenance work has been done on it."
580909,Tricare/military premiums,HEALTH,MEDICAL_CARE,CANDIDATE_FROM_CE_DOMAIN,,1598,179,152,424,415,428,false,OUTSIDE_M1_AUDIT_SCOPE,ABSENT_FROM_2024_CONCORDANCE,true,false,true,"Published and 2024-active, in a CE domain the Milestone-1 audit did not cover. No mapping, scope or provenance work has been done on it."
580910,Children's Health Insurance Program (CHIP) premiums,HEALTH,MEDICAL_CARE,CANDIDATE_FROM_CE_DOMAIN,,217,,31,97,20,70,false,OUTSIDE_M1_AUDIT_SCOPE,ABSENT_FROM_2024_CONCORDANCE,true,false,true,"Published and 2024-active, in a CE domain the Milestone-1 audit did not cover. No mapping, scope or provenance work has been done on it."
590110,Newspapers,READING,EDUCATION_COMMUNICATION,CANDIDATE_FROM_CE_DOMAIN,,3276,212,546,455,566,1498,false,OUTSIDE_M1_AUDIT_SCOPE,ABSENT_FROM_2024_CONCORDANCE,true,false,true,"Published and 2024-active, in a CE domain the Milestone-1 audit did not cover. No mapping, scope or provenance work has been done on it."
590210,Magazines,READING,EDUCATION_COMMUNICATION,CANDIDATE_FROM_CE_DOMAIN,,3822,138,518,533,750,1882,false,OUTSIDE_M1_AUDIT_SCOPE,ABSENT_FROM_2024_CONCORDANCE,true,false,true,"Published and 2024-active, in a CE domain the Milestone-1 audit did not cover. No mapping, scope or provenance work has been done on it."
590220,Books through book clubs,READING,EDUCATION_COMMUNICATION,CANDIDATE_FROM_CE_DOMAIN,,208,60,43,21,20,64,false,OUTSIDE_M1_AUDIT_SCOPE,ABSENT_FROM_2024_CONCORDANCE,true,false,true,"Published and 2024-active, in a CE domain the Milestone-1 audit did not cover. No mapping, scope or provenance work has been done on it."
590230,"Books, digital books, or book subscriptions",READING,EDUCATION_COMMUNICATION,CANDIDATE_FROM_CE_DOMAIN,I,6070,409,621,805,1214,3021,false,OUTSIDE_M1_AUDIT_SCOPE,NAMED_BY_2024_CONCORDANCE,true,false,true,"Published and 2024-active, in a CE domain the Milestone-1 audit did not cover. No mapping, scope or provenance work has been done on it."
590900,Newsletters,READING,EDUCATION_COMMUNICATION,CANDIDATE_FROM_CE_DOMAIN,D,,,,,,,false,OUTSIDE_M1_AUDIT_SCOPE,NAMED_BY_2024_CONCORDANCE,true,false,true,"Published and 2024-active, in a CE domain the Milestone-1 audit did not cover. No mapping, scope or provenance work has been done on it."
600110,Outboard motors,ENTRTAIN,RECREATION,CANDIDATE_FROM_CE_DOMAIN,I,1456,442,,4,32,978,false,OUTSIDE_M1_AUDIT_SCOPE,NAMED_BY_2024_CONCORDANCE,true,false,true,"Published and 2024-active, in a CE domain the Milestone-1 audit did not cover. No mapping, scope or provenance work has been done on it."
600121,Boats without motor and boat trailers,ENTRTAIN,RECREATION,CANDIDATE_FROM_CE_DOMAIN,I,9,9,,,,,false,OUTSIDE_M1_AUDIT_SCOPE,NAMED_BY_2024_CONCORDANCE,true,false,true,"Published and 2024-active, in a CE domain the Milestone-1 audit did not cover. No mapping, scope or provenance work has been done on it."
600122,Trailer and other attachable campers,ENTRTAIN,RECREATION,CANDIDATE_FROM_CE_DOMAIN,I,,,,,,,false,OUTSIDE_M1_AUDIT_SCOPE,NAMED_BY_2024_CONCORDANCE,true,false,true,"Published and 2024-active, in a CE domain the Milestone-1 audit did not cover. No mapping, scope or provenance work has been done on it."
600132,Purchase of boats with motor,ENTRTAIN,RECREATION,CANDIDATE_FROM_CE_DOMAIN,I,,,,,,,false,OUTSIDE_M1_AUDIT_SCOPE,NAMED_BY_2024_CONCORDANCE,true,false,true,"Published and 2024-active, in a CE domain the Milestone-1 audit did not cover. No mapping, scope or provenance work has been done on it."
600133,Purchase of boats and trailers,ENTRTAIN,RECREATION,CANDIDATE_FROM_CE_DOMAIN,I,15768,693,409,3319,2672,8675,false,OUTSIDE_M1_AUDIT_SCOPE,NAMED_BY_2024_CONCORDANCE,true,false,true,"Published and 2024-active, in a CE domain the Milestone-1 audit did not cover. No mapping, scope or provenance work has been done on it."
600141,Purchase of motorized campers,ENTRTAIN,RECREATION,CANDIDATE_FROM_CE_DOMAIN,I,,,,,,,false,OUTSIDE_M1_AUDIT_SCOPE,NAMED_BY_2024_CONCORDANCE,true,false,true,"Published and 2024-active, in a CE domain the Milestone-1 audit did not cover. No mapping, scope or provenance work has been done on it."
600142,Purchase of other vehicles,ENTRTAIN,RECREATION,CANDIDATE_FROM_CE_DOMAIN,I,5006,166,736,968,1199,1937,false,OUTSIDE_M1_AUDIT_SCOPE,NAMED_BY_2024_CONCORDANCE,true,false,true,"Published and 2024-active, in a CE domain the Milestone-1 audit did not cover. No mapping, scope or provenance work has been done on it."
600151,Purchase of motor homes and campers,ENTRTAIN,RECREATION,CANDIDATE_FROM_CE_DOMAIN,I,12121,,2921,282,7945,974,false,OUTSIDE_M1_AUDIT_SCOPE,NAMED_BY_2024_CONCORDANCE,true,false,true,"Published and 2024-active, in a CE domain the Milestone-1 audit did not cover. No mapping, scope or provenance work has been done on it."
600210,"Athletic gear, game tables, and exercise equipment",ENTRTAIN,RECREATION,CANDIDATE_FROM_CE_DOMAIN,I,10784,437,558,1409,2273,6106,false,OUTSIDE_M1_AUDIT_SCOPE,NAMED_BY_2024_CONCORDANCE,true,false,true,"Published and 2024-active, in a CE domain the Milestone-1 audit did not cover. No mapping, scope or provenance work has been done on it."
600310,Bicycles,ENTRTAIN,RECREATION,CANDIDATE_FROM_CE_DOMAIN,I,5611,207,569,610,1454,2771,false,OUTSIDE_M1_AUDIT_SCOPE,NAMED_BY_2024_CONCORDANCE,true,false,true,"Published and 2024-active, in a CE domain the Milestone-1 audit did not cover. No mapping, scope or provenance work has been done on it."
600311,Bike and E-scooter sharing or rental,ENTRTAIN,RECREATION,CANDIDATE_FROM_CE_DOMAIN,I,218,32,26,22,80,58,false,OUTSIDE_M1_AUDIT_SCOPE,NAMED_BY_2024_CONCORDANCE,true,false,true,"Published and 2024-active, in a CE domain the Milestone-1 audit did not cover. No mapping, scope or provenance work has been done on it."
600315,Scooters and other single-rider transportation,ENTRTAIN,RECREATION,CANDIDATE_FROM_CE_DOMAIN,,,,,,,,false,OUTSIDE_M1_AUDIT_SCOPE,ABSENT_FROM_2024_CONCORDANCE,true,false,true,"Published and 2024-active, in a CE domain the Milestone-1 audit did not cover. No mapping, scope or provenance work has been done on it."
600410,Camping equipment,ENTRTAIN,RECREATION,CANDIDATE_FROM_CE_DOMAIN,D,4013,127,327,1699,615,1246,false,OUTSIDE_M1_AUDIT_SCOPE,NAMED_BY_2024_CONCORDANCE,true,false,true,"Published and 2024-active, in a CE domain the Milestone-1 audit did not cover. No mapping, scope or provenance work has been done on it."
600420,Hunting and fishing equipment,ENTRTAIN,RECREATION,CANDIDATE_FROM_CE_DOMAIN,D,6932,724,1383,830,1216,2778,false,OUTSIDE_M1_AUDIT_SCOPE,NAMED_BY_2024_CONCORDANCE,true,false,true,"Published and 2024-active, in a CE domain the Milestone-1 audit did not cover. No mapping, scope or provenance work has been done on it."
600430,Winter sports equipment,ENTRTAIN,RECREATION,CANDIDATE_FROM_CE_DOMAIN,I,1096,47,83,52,174,740,false,OUTSIDE_M1_AUDIT_SCOPE,NAMED_BY_2024_CONCORDANCE,true,false,true,"Published and 2024-active, in a CE domain the Milestone-1 audit did not cover. No mapping, scope or provenance work has been done on it."
600901,Water sports equipment,ENTRTAIN,RECREATION,CANDIDATE_FROM_CE_DOMAIN,I,941,23,84,91,139,604,false,OUTSIDE_M1_AUDIT_SCOPE,NAMED_BY_2024_CONCORDANCE,true,false,true,"Published and 2024-active, in a CE domain the Milestone-1 audit did not cover. No mapping, scope or provenance work has been done on it."
600902,Other sports equipment,ENTRTAIN,RECREATION,CANDIDATE_FROM_CE_DOMAIN,I,527,11,17,190,139,171,false,OUTSIDE_M1_AUDIT_SCOPE,NAMED_BY_2024_CONCORDANCE,true,false,true,"Published and 2024-active, in a CE domain the Milestone-1 audit did not cover. No mapping, scope or provenance work has been done on it."
600903,Global positioning system devices,ENTRTAIN,RECREATION,CANDIDATE_FROM_CE_DOMAIN,D,73,,,8,,65,false,OUTSIDE_M1_AUDIT_SCOPE,NAMED_BY_2024_CONCORDANCE,true,false,true,"Published and 2024-active, in a CE domain the Milestone-1 audit did not cover. No mapping, scope or provenance work has been done on it."
610110,"Toys, games, arts and crafts, and tricycles",ENTRTAIN,RECREATION,CANDIDATE_FROM_CE_DOMAIN,D,23268,1814,2769,4347,4987,9351,false,OUTSIDE_M1_AUDIT_SCOPE,NAMED_BY_2024_CONCORDANCE,true,false,true,"Published and 2024-active, in a CE domain the Milestone-1 audit did not cover. No mapping, scope or provenance work has been done on it."
610120,Playground equipment,ENTRTAIN,RECREATION,CANDIDATE_FROM_CE_DOMAIN,I,1542,37,57,124,203,1121,false,OUTSIDE_M1_AUDIT_SCOPE,NAMED_BY_2024_CONCORDANCE,true,false,true,"Published and 2024-active, in a CE domain the Milestone-1 audit did not cover. No mapping, scope or provenance work has been done on it."
610130,Musical instruments and accessories,ENTRTAIN,RECREATION,CANDIDATE_FROM_CE_DOMAIN,I,4422,398,290,830,1245,1659,false,OUTSIDE_M1_AUDIT_SCOPE,NAMED_BY_2024_CONCORDANCE,true,false,true,"Published and 2024-active, in a CE domain the Milestone-1 audit did not cover. No mapping, scope or provenance work has been done on it."
610140,Stamp and coin collecting,ENTRTAIN,RECREATION,CANDIDATE_FROM_CE_DOMAIN,,717,44,328,111,138,97,false,OUTSIDE_M1_AUDIT_SCOPE,ABSENT_FROM_2024_CONCORDANCE,true,false,true,"Published and 2024-active, in a CE domain the Milestone-1 audit did not cover. No mapping, scope or provenance work has been done on it."
610210,Film,ENTRTAIN,RECREATION,CANDIDATE_FROM_CE_DOMAIN,I,83,11,7,15,28,23,false,OUTSIDE_M1_AUDIT_SCOPE,NAMED_BY_2024_CONCORDANCE,true,false,true,"Published and 2024-active, in a CE domain the Milestone-1 audit did not cover. No mapping, scope or provenance work has been done on it."
610220,Other photographic supplies,ENTRTAIN,RECREATION,CANDIDATE_FROM_CE_DOMAIN,D,71,,71,,,,false,OUTSIDE_M1_AUDIT_SCOPE,NAMED_BY_2024_CONCORDANCE,true,false,true,"Published and 2024-active, in a CE domain the Milestone-1 audit did not cover. No mapping, scope or provenance work has been done on it."
610230,Photographic equipment,ENTRTAIN,RECREATION,CANDIDATE_FROM_CE_DOMAIN,I,2294,212,247,491,268,1076,false,OUTSIDE_M1_AUDIT_SCOPE,NAMED_BY_2024_CONCORDANCE,true,false,true,"Published and 2024-active, in a CE domain the Milestone-1 audit did not cover. No mapping, scope or provenance work has been done on it."
610310,Pet food,ENTRTAIN,RECREATION,CANDIDATE_FROM_CE_DOMAIN,D,40040,4426,6709,8406,9396,11103,false,OUTSIDE_M1_AUDIT_SCOPE,NAMED_BY_2024_CONCORDANCE,true,false,true,"Published and 2024-active, in a CE domain the Milestone-1 audit did not cover. No mapping, scope or provenance work has been done on it."
610320,"Pet purchase, supplies, and medicine",ENTRTAIN,RECREATION,CANDIDATE_FROM_CE_DOMAIN,I,23914,1935,2808,4446,6271,8453,false,OUTSIDE_M1_AUDIT_SCOPE,NAMED_BY_2024_CONCORDANCE,true,false,true,"Published and 2024-active, in a CE domain the Milestone-1 audit did not cover. No mapping, scope or provenance work has been done on it."
610900,Recreation expenses on out of town trips,ENTRTAIN,RECREATION,CANDIDATE_FROM_CE_DOMAIN,,88,0,2,13,38,35,false,OUTSIDE_M1_AUDIT_SCOPE,ABSENT_FROM_2024_CONCORDANCE,true,false,true,"Published and 2024-active, in a CE domain the Milestone-1 audit did not cover. No mapping, scope or provenance work has been done on it."
610901,Fireworks,ENTRTAIN,RECREATION,CANDIDATE_FROM_CE_DOMAIN,D,911,1,167,74,45,625,false,OUTSIDE_M1_AUDIT_SCOPE,NAMED_BY_2024_CONCORDANCE,true,false,true,"Published and 2024-active, in a CE domain the Milestone-1 audit did not cover. No mapping, scope or provenance work has been done on it."
610902,Souvenirs,ENTRTAIN,RECREATION,CANDIDATE_FROM_CE_DOMAIN,D,321,0,32,131,114,43,false,OUTSIDE_M1_AUDIT_SCOPE,NAMED_BY_2024_CONCORDANCE,true,false,true,"Published and 2024-active, in a CE domain the Milestone-1 audit did not cover. No mapping, scope or provenance work has been done on it."
610903,Visual goods,ENTRTAIN,RECREATION,CANDIDATE_FROM_CE_DOMAIN,D,406,,27,249,5,124,false,OUTSIDE_M1_AUDIT_SCOPE,NAMED_BY_2024_CONCORDANCE,true,false,true,"Published and 2024-active, in a CE domain the Milestone-1 audit did not cover. No mapping, scope or provenance work has been done on it."
620111,"Social, recreation, and health club memberships",ENTRTAIN,RECREATION,CANDIDATE_FROM_CE_DOMAIN,I,36910,1866,2195,4409,7431,21009,false,OUTSIDE_M1_AUDIT_SCOPE,NAMED_BY_2024_CONCORDANCE,true,false,true,"Published and 2024-active, in a CE domain the Milestone-1 audit did not cover. No mapping, scope or provenance work has been done on it."
620112,Credit card memberships,MISC,OTHER_GOODS_SERVICES,CANDIDATE_FROM_CE_DOMAIN,I,2486,75,227,444,341,1399,false,OUTSIDE_M1_AUDIT_SCOPE,NAMED_BY_2024_CONCORDANCE,true,false,true,"Published and 2024-active, in a CE domain the Milestone-1 audit did not cover. No mapping, scope or provenance work has been done on it."
620115,Shopping club membership fees,MISC,OTHER_GOODS_SERVICES,CANDIDATE_FROM_CE_DOMAIN,I,10359,894,1564,2049,2685,3166,false,OUTSIDE_M1_AUDIT_SCOPE,NAMED_BY_2024_CONCORDANCE,true,false,true,"Published and 2024-active, in a CE domain the Milestone-1 audit did not cover. No mapping, scope or provenance work has been done on it."
620121,Fees for participant sports,ENTRTAIN,RECREATION,CANDIDATE_FROM_CE_DOMAIN,D,19104,489,1454,1936,4281,10944,false,OUTSIDE_M1_AUDIT_SCOPE,NAMED_BY_2024_CONCORDANCE,true,false,true,"Published and 2024-active, in a CE domain the Milestone-1 audit did not cover. No mapping, scope or provenance work has been done on it."
620122,Participant sports on out of town trips,ENTRTAIN,RECREATION,CANDIDATE_FROM_CE_DOMAIN,I,5009,216,198,434,1165,2996,false,OUTSIDE_M1_AUDIT_SCOPE,NAMED_BY_2024_CONCORDANCE,true,false,true,"Published and 2024-active, in a CE domain the Milestone-1 audit did not cover. No mapping, scope or provenance work has been done on it."
620212,Movie and other admissions on out of town trips,ENTRTAIN,RECREATION,CANDIDATE_FROM_CE_DOMAIN,I,11836,462,843,1657,3194,5680,false,OUTSIDE_M1_AUDIT_SCOPE,NAMED_BY_2024_CONCORDANCE,true,false,true,"Published and 2024-active, in a CE domain the Milestone-1 audit did not cover. No mapping, scope or provenance work has been done on it."
620213,"Plays, theater, operas, and concerts",ENTRTAIN,RECREATION,CANDIDATE_FROM_CE_DOMAIN,I,14735,842,1468,2118,3739,6567,false,OUTSIDE_M1_AUDIT_SCOPE,NAMED_BY_2024_CONCORDANCE,true,false,true,"Published and 2024-active, in a CE domain the Milestone-1 audit did not cover. No mapping, scope or provenance work has been done on it."
620215,Tickets to movies,ENTRTAIN,RECREATION,CANDIDATE_FROM_CE_DOMAIN,I,3548,244,341,612,863,1487,false,OUTSIDE_M1_AUDIT_SCOPE,NAMED_BY_2024_CONCORDANCE,true,false,true,"Published and 2024-active, in a CE domain the Milestone-1 audit did not cover. No mapping, scope or provenance work has been done on it."
620216,Tickets to parks or museums,ENTRTAIN,RECREATION,CANDIDATE_FROM_CE_DOMAIN,I,4095,248,322,477,1065,1983,false,OUTSIDE_M1_AUDIT_SCOPE,NAMED_BY_2024_CONCORDANCE,true,false,true,"Published and 2024-active, in a CE domain the Milestone-1 audit did not cover. No mapping, scope or provenance work has been done on it."
620221,Admission to sporting events,ENTRTAIN,RECREATION,CANDIDATE_FROM_CE_DOMAIN,I,12544,313,707,1057,2796,7671,false,OUTSIDE_M1_AUDIT_SCOPE,NAMED_BY_2024_CONCORDANCE,true,false,true,"Published and 2024-active, in a CE domain the Milestone-1 audit did not cover. No mapping, scope or provenance work has been done on it."
620222,Admission to sports events on out of town trips,ENTRTAIN,RECREATION,CANDIDATE_FROM_CE_DOMAIN,I,3941,154,281,552,1063,1892,false,OUTSIDE_M1_AUDIT_SCOPE,NAMED_BY_2024_CONCORDANCE,true,false,true,"Published and 2024-active, in a CE domain the Milestone-1 audit did not cover. No mapping, scope or provenance work has been done on it."
620310,Fees for recreational lessons,ENTRTAIN,RECREATION,CANDIDATE_FROM_CE_DOMAIN,I,14961,504,989,1433,2970,9064,false,OUTSIDE_M1_AUDIT_SCOPE,NAMED_BY_2024_CONCORDANCE,true,false,true,"Published and 2024-active, in a CE domain the Milestone-1 audit did not cover. No mapping, scope or provenance work has been done on it."
620320,Photographer fees,ENTRTAIN,RECREATION,CANDIDATE_FROM_CE_DOMAIN,I,3301,136,39,409,778,1939,false,OUTSIDE_M1_AUDIT_SCOPE,NAMED_BY_2024_CONCORDANCE,true,false,true,"Published and 2024-active, in a CE domain the Milestone-1 audit did not cover. No mapping, scope or provenance work has been done on it."
620330,Photo processing,ENTRTAIN,RECREATION,CANDIDATE_FROM_CE_DOMAIN,I,1018,67,120,100,230,500,false,OUTSIDE_M1_AUDIT_SCOPE,NAMED_BY_2024_CONCORDANCE,true,false,true,"Published and 2024-active, in a CE domain the Milestone-1 audit did not cover. No mapping, scope or provenance work has been done on it."
620410,Pet services,ENTRTAIN,RECREATION,CANDIDATE_FROM_CE_DOMAIN,I,13650,514,1106,1626,3590,6815,false,OUTSIDE_M1_AUDIT_SCOPE,NAMED_BY_2024_CONCORDANCE,true,false,true,"Published and 2024-active, in a CE domain the Milestone-1 audit did not cover. No mapping, scope or provenance work has been done on it."
620420,Vet services,ENTRTAIN,RECREATION,CANDIDATE_FROM_CE_DOMAIN,D,41612,3090,3708,3728,6945,24141,false,OUTSIDE_M1_AUDIT_SCOPE,NAMED_BY_2024_CONCORDANCE,true,false,true,"Published and 2024-active, in a CE domain the Milestone-1 audit did not cover. No mapping, scope or provenance work has been done on it."
620903,Other entertainment services on out of town trips,ENTRTAIN,RECREATION,CANDIDATE_FROM_CE_DOMAIN,I,88,0,2,13,38,35,false,OUTSIDE_M1_AUDIT_SCOPE,NAMED_BY_2024_CONCORDANCE,true,false,true,"Published and 2024-active, in a CE domain the Milestone-1 audit did not cover. No mapping, scope or provenance work has been done on it."
620904,Rental and repair of musical instruments,ENTRTAIN,RECREATION,CANDIDATE_FROM_CE_DOMAIN,I,408,41,109,41,64,154,false,OUTSIDE_M1_AUDIT_SCOPE,NAMED_BY_2024_CONCORDANCE,true,false,true,"Published and 2024-active, in a CE domain the Milestone-1 audit did not cover. No mapping, scope or provenance work has been done on it."
620905,Repair and rental of photographic equipment,ENTRTAIN,RECREATION,CANDIDATE_FROM_CE_DOMAIN,I,29,5,5,0,8,11,false,OUTSIDE_M1_AUDIT_SCOPE,NAMED_BY_2024_CONCORDANCE,true,false,true,"Published and 2024-active, in a CE domain the Milestone-1 audit did not cover. No mapping, scope or provenance work has been done on it."
620906,Rental of boats,ENTRTAIN,RECREATION,CANDIDATE_FROM_CE_DOMAIN,I,10,,,,10,,false,OUTSIDE_M1_AUDIT_SCOPE,NAMED_BY_2024_CONCORDANCE,true,false,true,"Published and 2024-active, in a CE domain the Milestone-1 audit did not cover. No mapping, scope or provenance work has been done on it."
620908,Rental and repair of miscellaneous sports equipment,ENTRTAIN,RECREATION,CANDIDATE_FROM_CE_DOMAIN,I,334,15,24,41,77,178,false,OUTSIDE_M1_AUDIT_SCOPE,NAMED_BY_2024_CONCORDANCE,true,false,true,"Published and 2024-active, in a CE domain the Milestone-1 audit did not cover. No mapping, scope or provenance work has been done on it."
620909,Rental of campers on out of town trips,ENTRTAIN,RECREATION,CANDIDATE_FROM_CE_DOMAIN,I,,,,,,,false,OUTSIDE_M1_AUDIT_SCOPE,NAMED_BY_2024_CONCORDANCE,true,false,true,"Published and 2024-active, in a CE domain the Milestone-1 audit did not cover. No mapping, scope or provenance work has been done on it."
620910,Rental of boats and trailers,ENTRTAIN,RECREATION,CANDIDATE_FROM_CE_DOMAIN,I,787,12,87,92,202,395,false,OUTSIDE_M1_AUDIT_SCOPE,NAMED_BY_2024_CONCORDANCE,true,false,true,"Published and 2024-active, in a CE domain the Milestone-1 audit did not cover. No mapping, scope or provenance work has been done on it."
620913,Pinball and electronic video games,ENTRTAIN,RECREATION,CANDIDATE_FROM_CE_DOMAIN,D,829,210,91,72,19,436,false,OUTSIDE_M1_AUDIT_SCOPE,NAMED_BY_2024_CONCORDANCE,true,false,true,"Published and 2024-active, in a CE domain the Milestone-1 audit did not cover. No mapping, scope or provenance work has been done on it."
620917,Rental of video hardware/accessories,ENTRTAIN,RECREATION,CANDIDATE_FROM_CE_DOMAIN,I,14,,,5,6,3,false,OUTSIDE_M1_AUDIT_SCOPE,NAMED_BY_2024_CONCORDANCE,true,false,true,"Published and 2024-active, in a CE domain the Milestone-1 audit did not cover. No mapping, scope or provenance work has been done on it."
620918,Rental of video software,ENTRTAIN,RECREATION,CANDIDATE_FROM_CE_DOMAIN,I,144,5,20,16,79,24,false,OUTSIDE_M1_AUDIT_SCOPE,NAMED_BY_2024_CONCORDANCE,true,false,true,"Published and 2024-active, in a CE domain the Milestone-1 audit did not cover. No mapping, scope or provenance work has been done on it."
620919,Rental of other vehicles on out of town trips,ENTRTAIN,RECREATION,CANDIDATE_FROM_CE_DOMAIN,I,129,9,4,48,6,61,false,OUTSIDE_M1_AUDIT_SCOPE,NAMED_BY_2024_CONCORDANCE,true,false,true,"Published and 2024-active, in a CE domain the Milestone-1 audit did not cover. No mapping, scope or provenance work has been done on it."
620921,Rental of motorized campers,ENTRTAIN,RECREATION,CANDIDATE_FROM_CE_DOMAIN,I,,,,,,,false,OUTSIDE_M1_AUDIT_SCOPE,NAMED_BY_2024_CONCORDANCE,true,false,true,"Published and 2024-active, in a CE domain the Milestone-1 audit did not cover. No mapping, scope or provenance work has been done on it."
620922,Rental of other recreational vehicles,ENTRTAIN,RECREATION,CANDIDATE_FROM_CE_DOMAIN,I,5,,,,,5,false,OUTSIDE_M1_AUDIT_SCOPE,NAMED_BY_2024_CONCORDANCE,true,false,true,"Published and 2024-active, in a CE domain the Milestone-1 audit did not cover. No mapping, scope or provenance work has been done on it."
620924,"Rental of RVs, campers, and other vehicles",ENTRTAIN,RECREATION,CANDIDATE_FROM_CE_DOMAIN,I,2499,127,281,244,773,1074,false,OUTSIDE_M1_AUDIT_SCOPE,NAMED_BY_2024_CONCORDANCE,true,false,true,"Published and 2024-active, in a CE domain the Milestone-1 audit did not cover. No mapping, scope or provenance work has been done on it."
620925,Miscellaneous fees,MISC,OTHER_GOODS_SERVICES,CANDIDATE_FROM_CE_DOMAIN,,577,,26,32,258,260,false,OUTSIDE_M1_AUDIT_SCOPE,ABSENT_FROM_2024_CONCORDANCE,true,false,true,"Published and 2024-active, in a CE domain the Milestone-1 audit did not cover. No mapping, scope or provenance work has been done on it."
620926,Lotteries and pari-mutuel losses,MISC,OTHER_GOODS_SERVICES,CANDIDATE_FROM_CE_DOMAIN,,4219,461,859,648,1023,1227,false,OUTSIDE_M1_AUDIT_SCOPE,ABSENT_FROM_2024_CONCORDANCE,true,false,true,"Published and 2024-active, in a CE domain the Milestone-1 audit did not cover. No mapping, scope or provenance work has been done on it."
620930,Online gaming services,ENTRTAIN,RECREATION,CANDIDATE_FROM_CE_DOMAIN,D,1549,30,172,220,414,713,false,OUTSIDE_M1_AUDIT_SCOPE,NAMED_BY_2024_CONCORDANCE,true,false,true,"Published and 2024-active, in a CE domain the Milestone-1 audit did not cover. No mapping, scope or provenance work has been done on it."
630110,Cigarettes,TOBACCO,OTHER_GOODS_SERVICES,CANDIDATE_FROM_CE_DOMAIN,I,32993,7372,7564,7996,6147,3915,false,OUTSIDE_M1_AUDIT_SCOPE,NAMED_BY_2024_CONCORDANCE,true,false,true,"Published and 2024-active, in a CE domain the Milestone-1 audit did not cover. No mapping, scope or provenance work has been done on it."
630210,Other tobacco products,TOBACCO,OTHER_GOODS_SERVICES,CANDIDATE_FROM_CE_DOMAIN,I,12744,1702,1910,2891,3184,3056,false,OUTSIDE_M1_AUDIT_SCOPE,NAMED_BY_2024_CONCORDANCE,true,false,true,"Published and 2024-active, in a CE domain the Milestone-1 audit did not cover. No mapping, scope or provenance work has been done on it."
630220,Smoking accessories,TOBACCO,OTHER_GOODS_SERVICES,CANDIDATE_FROM_CE_DOMAIN,D,588,70,55,263,163,38,false,OUTSIDE_M1_AUDIT_SCOPE,NAMED_BY_2024_CONCORDANCE,true,false,true,"Published and 2024-active, in a CE domain the Milestone-1 audit did not cover. No mapping, scope or provenance work has been done on it."
630900,Marijuana,TOBACCO,OTHER_GOODS_SERVICES,CANDIDATE_FROM_CE_DOMAIN,,1507,92,235,626,296,258,false,OUTSIDE_M1_AUDIT_SCOPE,ABSENT_FROM_2024_CONCORDANCE,true,false,true,"Published and 2024-active, in a CE domain the Milestone-1 audit did not cover. No mapping, scope or provenance work has been done on it."
640119,Products for the hair,PERSCARE,OTHER_GOODS_SERVICES,CANDIDATE_FROM_CE_DOMAIN,D,13686,950,1818,2634,3045,5238,false,OUTSIDE_M1_AUDIT_SCOPE,NAMED_BY_2024_CONCORDANCE,true,false,true,"Published and 2024-active, in a CE domain the Milestone-1 audit did not cover. No mapping, scope or provenance work has been done on it."
640130,Wigs and hairpieces,PERSCARE,OTHER_GOODS_SERVICES,CANDIDATE_FROM_CE_DOMAIN,I,1008,202,130,176,357,143,false,OUTSIDE_M1_AUDIT_SCOPE,NAMED_BY_2024_CONCORDANCE,true,false,true,"Published and 2024-active, in a CE domain the Milestone-1 audit did not cover. No mapping, scope or provenance work has been done on it."
640219,Nonelectric dental and shaving products,PERSCARE,OTHER_GOODS_SERVICES,CANDIDATE_FROM_CE_DOMAIN,D,8317,970,1400,1447,1766,2734,false,OUTSIDE_M1_AUDIT_SCOPE,NAMED_BY_2024_CONCORDANCE,true,false,true,"Published and 2024-active, in a CE domain the Milestone-1 audit did not cover. No mapping, scope or provenance work has been done on it."
640310,"Cosmetics, perfume, and bath preparations",PERSCARE,OTHER_GOODS_SERVICES,CANDIDATE_FROM_CE_DOMAIN,D,34780,3346,4986,5548,7375,13524,false,OUTSIDE_M1_AUDIT_SCOPE,NAMED_BY_2024_CONCORDANCE,true,false,true,"Published and 2024-active, in a CE domain the Milestone-1 audit did not cover. No mapping, scope or provenance work has been done on it."
640410,"Deodorants, feminine hygiene, and miscellaneous personal care",PERSCARE,OTHER_GOODS_SERVICES,CANDIDATE_FROM_CE_DOMAIN,D,7839,1021,1680,1469,1884,1785,false,OUTSIDE_M1_AUDIT_SCOPE,NAMED_BY_2024_CONCORDANCE,true,false,true,"Published and 2024-active, in a CE domain the Milestone-1 audit did not cover. No mapping, scope or provenance work has been done on it."
640420,Electric personal care appliances,PERSCARE,OTHER_GOODS_SERVICES,CANDIDATE_FROM_CE_DOMAIN,I,1929,157,255,325,464,728,false,OUTSIDE_M1_AUDIT_SCOPE,NAMED_BY_2024_CONCORDANCE,true,false,true,"Published and 2024-active, in a CE domain the Milestone-1 audit did not cover. No mapping, scope or provenance work has been done on it."
650310,Personal care services,PERSCARE,OTHER_GOODS_SERVICES,CANDIDATE_FROM_CE_DOMAIN,I,64962,4925,7598,11417,16171,24852,false,OUTSIDE_M1_AUDIT_SCOPE,NAMED_BY_2024_CONCORDANCE,true,false,true,"Published and 2024-active, in a CE domain the Milestone-1 audit did not cover. No mapping, scope or provenance work has been done on it."
650900,Repair of personal care appliances,PERSCARE,OTHER_GOODS_SERVICES,CANDIDATE_FROM_CE_DOMAIN,D,,,,,,,false,OUTSIDE_M1_AUDIT_SCOPE,NAMED_BY_2024_CONCORDANCE,true,false,true,"Published and 2024-active, in a CE domain the Milestone-1 audit did not cover. No mapping, scope or provenance work has been done on it."
660000,"School supplies, etc., unspecified",EDUCATN,EDUCATION_COMMUNICATION,CANDIDATE_FROM_CE_DOMAIN,,7881,869,1174,1341,1590,2907,false,OUTSIDE_M1_AUDIT_SCOPE,ABSENT_FROM_2024_CONCORDANCE,true,false,true,"Published and 2024-active, in a CE domain the Milestone-1 audit did not cover. No mapping, scope or provenance work has been done on it."
660001,"Educational books, supplies, and other expenditures",EDUCATN,EDUCATION_COMMUNICATION,CANDIDATE_FROM_CE_DOMAIN,I,5471,519,772,805,1245,2129,false,OUTSIDE_M1_AUDIT_SCOPE,NAMED_BY_2024_CONCORDANCE,true,false,true,"Published and 2024-active, in a CE domain the Milestone-1 audit did not cover. No mapping, scope or provenance work has been done on it."
660310,Encyclopedias and other sets of reference books,READING,EDUCATION_COMMUNICATION,CANDIDATE_FROM_CE_DOMAIN,,,,,,,,false,OUTSIDE_M1_AUDIT_SCOPE,ABSENT_FROM_2024_CONCORDANCE,true,false,true,"Published and 2024-active, in a CE domain the Milestone-1 audit did not cover. No mapping, scope or provenance work has been done on it."
670110,College tuition,EDUCATN,EDUCATION_COMMUNICATION,CANDIDATE_FROM_CE_DOMAIN,I,133692,19655,6951,12230,20422,74434,false,OUTSIDE_M1_AUDIT_SCOPE,NAMED_BY_2024_CONCORDANCE,true,false,true,"Published and 2024-active, in a CE domain the Milestone-1 audit did not cover. No mapping, scope or provenance work has been done on it."
670210,Elementary and high school tuition,EDUCATN,EDUCATION_COMMUNICATION,CANDIDATE_FROM_CE_DOMAIN,I,38183,675,1011,2624,6248,27626,false,OUTSIDE_M1_AUDIT_SCOPE,NAMED_BY_2024_CONCORDANCE,true,false,true,"Published and 2024-active, in a CE domain the Milestone-1 audit did not cover. No mapping, scope or provenance work has been done on it."
670410,Vocational and technical school tuition,EDUCATN,EDUCATION_COMMUNICATION,CANDIDATE_FROM_CE_DOMAIN,I,5067,229,555,643,1315,2324,false,OUTSIDE_M1_AUDIT_SCOPE,NAMED_BY_2024_CONCORDANCE,true,false,true,"Published and 2024-active, in a CE domain the Milestone-1 audit did not cover. No mapping, scope or provenance work has been done on it."
670903,Test preparation and tutoring services,EDUCATN,EDUCATION_COMMUNICATION,CANDIDATE_FROM_CE_DOMAIN,I,4325,131,205,542,1047,2399,false,OUTSIDE_M1_AUDIT_SCOPE,NAMED_BY_2024_CONCORDANCE,true,false,true,"Published and 2024-active, in a CE domain the Milestone-1 audit did not cover. No mapping, scope or provenance work has been done on it."
671000,Prepaid tuition,EDUCATN,EDUCATION_COMMUNICATION,CANDIDATE_FROM_CE_DOMAIN,,9201,148,178,807,1111,6957,false,OUTSIDE_M1_AUDIT_SCOPE,ABSENT_FROM_2024_CONCORDANCE,true,false,true,"Published and 2024-active, in a CE domain the Milestone-1 audit did not cover. No mapping, scope or provenance work has been done on it."
680110,Legal fees,MISC,OTHER_GOODS_SERVICES,CANDIDATE_FROM_CE_DOMAIN,I,23829,3434,3224,3636,3620,9915,false,OUTSIDE_M1_AUDIT_SCOPE,NAMED_BY_2024_CONCORDANCE,true,false,true,"Published and 2024-active, in a CE domain the Milestone-1 audit did not cover. No mapping, scope or provenance work has been done on it."
680140,Funeral expenses,MISC,OTHER_GOODS_SERVICES,CANDIDATE_FROM_CE_DOMAIN,I,14855,3971,1403,3824,4164,1492,false,OUTSIDE_M1_AUDIT_SCOPE,NAMED_BY_2024_CONCORDANCE,true,false,true,"Published and 2024-active, in a CE domain the Milestone-1 audit did not cover. No mapping, scope or provenance work has been done on it."
680210,Safe deposit box rental,MISC,OTHER_GOODS_SERVICES,CANDIDATE_FROM_CE_DOMAIN,I,684,92,152,100,140,199,false,OUTSIDE_M1_AUDIT_SCOPE,NAMED_BY_2024_CONCORDANCE,true,false,true,"Published and 2024-active, in a CE domain the Milestone-1 audit did not cover. No mapping, scope or provenance work has been done on it."
680220,"Checking accounts, other bank service charges",MISC,OTHER_GOODS_SERVICES,CANDIDATE_FROM_CE_DOMAIN,I,3996,805,764,777,799,850,false,OUTSIDE_M1_AUDIT_SCOPE,NAMED_BY_2024_CONCORDANCE,true,false,true,"Published and 2024-active, in a CE domain the Milestone-1 audit did not cover. No mapping, scope or provenance work has been done on it."
680310,Live entertainment for catered affairs,ENTRTAIN,RECREATION,CANDIDATE_FROM_CE_DOMAIN,,3645,28,30,1022,627,1937,false,OUTSIDE_M1_AUDIT_SCOPE,ABSENT_FROM_2024_CONCORDANCE,true,false,true,"Published and 2024-active, in a CE domain the Milestone-1 audit did not cover. No mapping, scope or provenance work has been done on it."
680320,Rental of party supplies for catered affairs,ENTRTAIN,RECREATION,CANDIDATE_FROM_CE_DOMAIN,I,3398,55,205,574,1313,1252,false,OUTSIDE_M1_AUDIT_SCOPE,NAMED_BY_2024_CONCORDANCE,true,false,true,"Published and 2024-active, in a CE domain the Milestone-1 audit did not cover. No mapping, scope or provenance work has been done on it."
680901,"Cemetery lots, vaults, and maintenance fees",MISC,OTHER_GOODS_SERVICES,CANDIDATE_FROM_CE_DOMAIN,I,2309,864,400,314,300,432,false,OUTSIDE_M1_AUDIT_SCOPE,NAMED_BY_2024_CONCORDANCE,true,false,true,"Published and 2024-active, in a CE domain the Milestone-1 audit did not cover. No mapping, scope or provenance work has been done on it."
680902,Accounting fees,MISC,OTHER_GOODS_SERVICES,CANDIDATE_FROM_CE_DOMAIN,I,17425,742,1664,2833,3940,8246,false,OUTSIDE_M1_AUDIT_SCOPE,NAMED_BY_2024_CONCORDANCE,true,false,true,"Published and 2024-active, in a CE domain the Milestone-1 audit did not cover. No mapping, scope or provenance work has been done on it."
680903,Miscellaneous personal services,MISC,OTHER_GOODS_SERVICES,CANDIDATE_FROM_CE_DOMAIN,D,9968,421,1125,825,3405,4192,false,OUTSIDE_M1_AUDIT_SCOPE,NAMED_BY_2024_CONCORDANCE,true,false,true,"Published and 2024-active, in a CE domain the Milestone-1 audit did not cover. No mapping, scope or provenance work has been done on it."
680904,Dating services,MISC,OTHER_GOODS_SERVICES,CANDIDATE_FROM_CE_DOMAIN,I,150,23,11,72,13,31,false,OUTSIDE_M1_AUDIT_SCOPE,NAMED_BY_2024_CONCORDANCE,true,false,true,"Published and 2024-active, in a CE domain the Milestone-1 audit did not cover. No mapping, scope or provenance work has been done on it."
680905,Vacation clubs,MISC,OTHER_GOODS_SERVICES,CANDIDATE_FROM_CE_DOMAIN,I,2077,37,236,791,149,865,false,OUTSIDE_M1_AUDIT_SCOPE,NAMED_BY_2024_CONCORDANCE,true,false,true,"Published and 2024-active, in a CE domain the Milestone-1 audit did not cover. No mapping, scope or provenance work has been done on it."
690118,Digital book readers,READING,EDUCATION_COMMUNICATION,CANDIDATE_FROM_CE_DOMAIN,I,3626,461,306,400,753,1706,false,OUTSIDE_M1_AUDIT_SCOPE,NAMED_BY_2024_CONCORDANCE,true,false,true,"Published and 2024-active, in a CE domain the Milestone-1 audit did not cover. No mapping, scope or provenance work has been done on it."
690320,Installation of televisions,ENTRTAIN,RECREATION,CANDIDATE_FROM_CE_DOMAIN,I,168,8,10,52,19,79,false,OUTSIDE_M1_AUDIT_SCOPE,NAMED_BY_2024_CONCORDANCE,true,false,true,"Published and 2024-active, in a CE domain the Milestone-1 audit did not cover. No mapping, scope or provenance work has been done on it."
690330,Installation of satellite television equipment,ENTRTAIN,RECREATION,CANDIDATE_FROM_CE_DOMAIN,I,,,,,,,false,OUTSIDE_M1_AUDIT_SCOPE,NAMED_BY_2024_CONCORDANCE,true,false,true,"Published and 2024-active, in a CE domain the Milestone-1 audit did not cover. No mapping, scope or provenance work has been done on it."
690340,Installation of sound systems,ENTRTAIN,RECREATION,CANDIDATE_FROM_CE_DOMAIN,I,30,,2,0,16,12,false,OUTSIDE_M1_AUDIT_SCOPE,NAMED_BY_2024_CONCORDANCE,true,false,true,"Published and 2024-active, in a CE domain the Milestone-1 audit did not cover. No mapping, scope or provenance work has been done on it."
690350,Installation of other video equipment or sound systems,ENTRTAIN,RECREATION,CANDIDATE_FROM_CE_DOMAIN,I,1,,,1,,,false,OUTSIDE_M1_AUDIT_SCOPE,NAMED_BY_2024_CONCORDANCE,true,false,true,"Published and 2024-active, in a CE domain the Milestone-1 audit did not cover. No mapping, scope or provenance work has been done on it."
700110,"Life, endowment, annuity, and other personal insurance",INSPENSN,,NO_CANDIDATE_NONCONSUMPTION,,71974,4461,7702,10744,15635,33431,false,NONCONSUMPTION_OR_SCOPE_REVIEW_REQUIRED,ABSENT_FROM_2024_CONCORDANCE,true,false,false,Inside CE total expenditures and outside household consumption. Whether a consumption price index should weight it is a scope question C3 does not answer.
790600,Expenses for other properties,MISC,OTHER_GOODS_SERVICES,CANDIDATE_FROM_CE_DOMAIN,,5175,312,290,667,680,3226,false,OUTSIDE_M1_AUDIT_SCOPE,ABSENT_FROM_2024_CONCORDANCE,true,false,true,"Published and 2024-active, in a CE domain the Milestone-1 audit did not cover. No mapping, scope or provenance work has been done on it."
790915,Late fee mortgage pay (other),MISC,OTHER_GOODS_SERVICES,CANDIDATE_FROM_CE_DOMAIN,,,,,,,,false,OUTSIDE_M1_AUDIT_SCOPE,ABSENT_FROM_2024_CONCORDANCE,true,false,true,"Published and 2024-active, in a CE domain the Milestone-1 audit did not cover. No mapping, scope or provenance work has been done on it."
800111,Alimony expenditures,CASHCONT,,NO_CANDIDATE_NONCONSUMPTION,,9884,327,483,2239,640,6195,false,NONCONSUMPTION_OR_SCOPE_REVIEW_REQUIRED,ABSENT_FROM_2024_CONCORDANCE,true,false,false,Inside CE total expenditures and outside household consumption. Whether a consumption price index should weight it is a scope question C3 does not answer.
800121,Child support expenditures,CASHCONT,,NO_CANDIDATE_NONCONSUMPTION,,19741,1367,1790,4320,6196,6069,false,NONCONSUMPTION_OR_SCOPE_REVIEW_REQUIRED,ABSENT_FROM_2024_CONCORDANCE,true,false,false,Inside CE total expenditures and outside household consumption. Whether a consumption price index should weight it is a scope question C3 does not answer.
800804,Support for college students,CASHCONT,,NO_CANDIDATE_NONCONSUMPTION,,18125,967,2673,2793,2889,8804,false,NONCONSUMPTION_OR_SCOPE_REVIEW_REQUIRED,ABSENT_FROM_2024_CONCORDANCE,true,false,false,Inside CE total expenditures and outside household consumption. Whether a consumption price index should weight it is a scope question C3 does not answer.
800811,"Gift to non-CU members of stocks, bonds, and mutual funds",CASHCONT,,NO_CANDIDATE_NONCONSUMPTION,,25036,9,257,1459,367,22944,false,NONCONSUMPTION_OR_SCOPE_REVIEW_REQUIRED,ABSENT_FROM_2024_CONCORDANCE,true,false,false,Inside CE total expenditures and outside household consumption. Whether a consumption price index should weight it is a scope question C3 does not answer.
800821,Cash contributions to charities and other organizations,CASHCONT,,NO_CANDIDATE_NONCONSUMPTION,,43747,2718,5531,6076,7774,21649,false,NONCONSUMPTION_OR_SCOPE_REVIEW_REQUIRED,ABSENT_FROM_2024_CONCORDANCE,true,false,false,Inside CE total expenditures and outside household consumption. Whether a consumption price index should weight it is a scope question C3 does not answer.
800831,Cash contributions to churches and other religious organizations,CASHCONT,,NO_CANDIDATE_NONCONSUMPTION,,105998,6971,15630,18230,24624,40542,false,NONCONSUMPTION_OR_SCOPE_REVIEW_REQUIRED,ABSENT_FROM_2024_CONCORDANCE,true,false,false,Inside CE total expenditures and outside household consumption. Whether a consumption price index should weight it is a scope question C3 does not answer.
800841,Cash contribution to educational institutions,CASHCONT,,NO_CANDIDATE_NONCONSUMPTION,,9567,401,438,1481,1831,5415,false,NONCONSUMPTION_OR_SCOPE_REVIEW_REQUIRED,ABSENT_FROM_2024_CONCORDANCE,true,false,false,Inside CE total expenditures and outside household consumption. Whether a consumption price index should weight it is a scope question C3 does not answer.
800851,Cash contribution to political organizations,CASHCONT,,NO_CANDIDATE_NONCONSUMPTION,,4762,284,563,780,1055,2079,false,NONCONSUMPTION_OR_SCOPE_REVIEW_REQUIRED,ABSENT_FROM_2024_CONCORDANCE,true,false,false,Inside CE total expenditures and outside household consumption. Whether a consumption price index should weight it is a scope question C3 does not answer.
800861,Other cash gifts,CASHCONT,,NO_CANDIDATE_NONCONSUMPTION,,74244,8064,11238,14494,16945,23503,false,NONCONSUMPTION_OR_SCOPE_REVIEW_REQUIRED,ABSENT_FROM_2024_CONCORDANCE,true,false,false,Inside CE total expenditures and outside household consumption. Whether a consumption price index should weight it is a scope question C3 does not answer.
800910,Deductions for government retirement,INSPENSN,,NO_CANDIDATE_NONCONSUMPTION,,26647,239,1026,3386,8341,13655,false,NONCONSUMPTION_OR_SCOPE_REVIEW_REQUIRED,ABSENT_FROM_2024_CONCORDANCE,true,false,false,Inside CE total expenditures and outside household consumption. Whether a consumption price index should weight it is a scope question C3 does not answer.
800920,Deductions for railroad retirement,INSPENSN,,NO_CANDIDATE_NONCONSUMPTION,,905,,,0,147,757,false,NONCONSUMPTION_OR_SCOPE_REVIEW_REQUIRED,ABSENT_FROM_2024_CONCORDANCE,true,false,false,Inside CE total expenditures and outside household consumption. Whether a consumption price index should weight it is a scope question C3 does not answer.
800931,Deductions for private pensions,INSPENSN,,NO_CANDIDATE_NONCONSUMPTION,,46650,232,1584,5983,13118,25733,false,NONCONSUMPTION_OR_SCOPE_REVIEW_REQUIRED,ABSENT_FROM_2024_CONCORDANCE,true,false,false,Inside CE total expenditures and outside household consumption. Whether a consumption price index should weight it is a scope question C3 does not answer.
800932,Non-payroll deposit to retirement plans,INSPENSN,,NO_CANDIDATE_NONCONSUMPTION,,270323,1636,7894,19530,53917,187345,false,NONCONSUMPTION_OR_SCOPE_REVIEW_REQUIRED,ABSENT_FROM_2024_CONCORDANCE,true,false,false,Inside CE total expenditures and outside household consumption. Whether a consumption price index should weight it is a scope question C3 does not answer.
800940,Deductions for Social Security,INSPENSN,,NO_CANDIDATE_NONCONSUMPTION,,907483,12476,54927,127813,232327,479941,false,NONCONSUMPTION_OR_SCOPE_REVIEW_REQUIRED,ABSENT_FROM_2024_CONCORDANCE,true,false,false,Inside CE total expenditures and outside household consumption. Whether a consumption price index should weight it is a scope question C3 does not answer.
880210,"Interest paid, home equity line of credit (other property)",MISC,OTHER_GOODS_SERVICES,CANDIDATE_FROM_CE_DOMAIN,,,,,,,,false,OUTSIDE_M1_AUDIT_SCOPE,ABSENT_FROM_2024_CONCORDANCE,true,false,true,"Published and 2024-active, in a CE domain the Milestone-1 audit did not cover. No mapping, scope or provenance work has been done on it."
900002,Occupational expenses,MISC,OTHER_GOODS_SERVICES,CANDIDATE_FROM_CE_DOMAIN,,8314,147,640,1230,2699,3598,false,OUTSIDE_M1_AUDIT_SCOPE,ABSENT_FROM_2024_CONCORDANCE,true,false,true,"Published and 2024-active, in a CE domain the Milestone-1 audit did not cover. No mapping, scope or provenance work has been done on it."
950021,Other taxes,MISC,OTHER_GOODS_SERVICES,CANDIDATE_FROM_CE_DOMAIN,,1093,7,15,29,387,654,false,OUTSIDE_M1_AUDIT_SCOPE,ABSENT_FROM_2024_CONCORDANCE,true,false,true,"Published and 2024-active, in a CE domain the Milestone-1 audit did not cover. No mapping, scope or provenance work has been done on it."
