eli	eli_name	bls_major_group	definition	source_code_as_published
AA011	Men's suits	Apparel	All types and styles of men's suits and formal wear sold in men's sizes (that is, 36 and above, in short, regular, tall or long, as well as big, extra tall, and extra-long). A suit includes a jacket and pair of pants. A vest and/or a second pair of pants may also be included.	
AA012	Men's sport coats and tailored jackets	Apparel	All types and styles of men's sport coats, blazers, and other tailored jackets sold in men’s sizes.	
AA013	Men's outerwear	Apparel	All types and styles of men's outerwear intended to be worn outdoors in men's sizes.	
AA021	Men's underwear, hosiery, nightwear and swimwear	Apparel	All types and styles of men’s underwear, hosiery, nightwear, loungewear, and swimwear in men’s sizes.	
AA022	Men’s accessories	Apparel	All types of men’s accessories in the categories of sunglasses, hats and caps, gloves and mittens, wallets and other small money holders, handkerchiefs, belts and suspenders, ties, and umbrellas sold in men’s sizes or for use by men.	
AA023	Men’s active sportswear	Apparel	All types and styles of men’s exercise and active sportswear including swimsuits, swim cover-ups, sweatshirts, sweatpants, yoga pants, sport-specific apparel (such as bike shorts, tennis shorts, hiking pants, and exercise suits), ski/snow pants, ski/snow suits, sports jerseys, and pants and jackets for warm-up, jogging, running, or exercise activities. Individually priced activewear items and sets of up to three items with a single price tag are eligible. For a set to be eligible in this category, the items in the set cannot be separated and paid for individually; the pieces are sold together as a unit having only one price tag. This ELI was no longer included in new samples beginning in 2016. These items are now included in ELIs AA013, AA021, AA033, and AA041.	
AA033	Men’s tops	Apparel	All types and styles of cardigan and pullover sweaters, cardigan and pullover sweater vests, dress shirts, sport shirts, work shirts, pullovers, woven vests sold as separates, exercise/activewear tops, sweatshirts, and sports jerseys in men's sizes.	
AA041	Men's pants and shorts	Apparel	All types and styles of pants including dress pants, casual pants, jeans, denim pants, overalls, sweatpants, and activewear pants as well as all varieties of shorts in men's sizes. Unisex items are also eligible.	
AB011	Boys’ outerwear	Apparel	All types and styles of boys’ coats, jackets, and vests to be worn outdoors sold in preschool and boys’ sizes.	
AB012	Boys' shirts and sweaters	Apparel	All types and styles of cardigan and pullover sweaters, cardigan and pullover sweater vests, dress shirts, sport shirts, work shirts, pullovers, exercise/activewear tops, sweatshirts, and sports jerseys in preschool and grade school boys' sizes.	
AB013	Boys’ underwear, nightwear, hosiery, accessories, and swimwear	Apparel	Most types and styles of underwear, sleepwear, hosiery, swimwear, and apparel-related accessories in the categories of legwear, hats, head wraps and covers, hand and arm coverings, wallets and other small money holders, and sunglasses in preschool and grade school boys' sizes, including unisex-designated items, or for use by boys in these age groups.	
AB014	Boys' suits, sport coats, and pants	Apparel	All types and styles of suits, tailored jackets, vests, dress and casual pants (including slacks, jeans, denim pants, overalls, sweatpants, and warm-up pants), and all varieties of shorts in preschool and grade school boys' sizes. A suit includes a jacket and pair of pants or shorts. Three-piece suits which include a vest if it's sold as a unit with one price tag.	
AB015	Boys’ active sportswear	Apparel	All types and styles of boys’ exercise and active sportswear including swimsuits, swim cover-ups, sweatshirts, sweatpants, yoga pants, sport-specific apparel (such as bike shorts, tennis shorts, hiking pants, and exercise suits), ski/snow pants, ski/snow suits, sports jerseys, and pants and jackets for warm-up, jogging, running, or exercise activities sold in preschool, grade school, and preteen boys’ sizes. This ELI was no longer included in new samples beginning in 2016. These items are now included in ELIs AB011, AB012, AB013, and AB014.	
AC011	Women's outerwear	Apparel	All types and styles of women’s coats, jackets, and vests to be worn outdoors in juniors, petites, misses, women’s plus, and maternity sizes.	
AC021	Women’s dresses	Apparel	All types and styles of dresses, jumpsuits, and rompers, such as daytime, business, semi-formal, formal, bridal party, and bridal dresses for women in adult sizes. Dress and jacket combinations sold as one unit are included in this category.	
AC031	Women's tops	Apparel	All types and styles of unstructured and tailored jackets/blazers, cardigan and pullover sweaters, cardigan and pullover sweater vests, shrugs, shirts, blouses, woven vests, one-piece leotards and bodysuits, exercise/activewear tops, sweatshirts, and sports jerseys in juniors, misses, petites, women's plus, and maternity sizes.	
AC032	Women's skirts, pants, and shorts	Apparel	All varieties and styles of dress and casual skirts (including skorts), pants (including slacks, chinos, jeans, sweatpants, joggers, leggings and yoga pants), and shorts (including Bermuda shorts, bike, and running shorts) in misses, petites, women's plus, juniors, and maternity sizes.	
AC033	Women's suits and suit coordinates	Apparel	All types and styles of women’s suits including skirt suits and pant suits. Suits must consist of a jacket paired with a skirt and/or pants. Suits sold with additional items such as a blouse, sweater, scarf, etc., are eligible for pricing. Both combinations of two or three pieces sold as one unit with one price tag, and combinations where the pieces are sold individually (coordinating suit components) are included in this category.	
AC041	Women's undergarments, nightwear, shapewear, and swimwear	Apparel	All types, styles, and sizes of underwear, nightwear, shapewear, and swimwear in women's sizes. Some of the specific items priced in this ELI include body briefers, bustiers, camisoles, capri legging shapers, chemises, control/shapewear panties, corselets, corsets, everyday bras, housecoats/dusters, long leg panty shapers, long line bras, nightgowns/nightshirts, nursing bras, one-piece pajamas/sleepers, pajama bottoms, panties, two-piece pajama sets, robes, slips, sports bras, swimsuits, torsettes, and waist cinchers.	
AC042	Women’s hosiery and accessories	Apparel	All types and styles of women’s apparel-related accessories in the categories of legwear, purses and similar bags, scarves, wraps, hand and arm coverings, wallets and other small money holders, hats, head wraps and covers, belts, umbrellas, and sunglasses, pantyhose, tights, socks, legwarmers, shoulder bags, handbags, clutches, bandanas, shawls, mufflers, neck warmers, gloves, mittens, driving gloves, gardening gloves, glove liners, arm warmers, billfolds and trifolds, ID and card cases, coin purses, visors, ear/headband wrap coverings, ear muffs, rain bonnets, parasols, non-prescription eyewear.	
AC043	Women's active sportswear	Apparel	All types and styles of women's exercise and active sportswear including swimsuits, swim cover-ups, sweatshirts, sweatpants, yoga pants, sport-specific apparel (such as bike shorts, tennis dresses, hiking pants, and dance outfits), ski/snow pants, ski/snow suits, sports jerseys, one- and two-piece leotards, unitards, and pants and jackets for warm-up, jogging, running, or exercise activities. This ELI was no longer included in new samples beginning in 2016. These items are now included in ELIs AC011, AC021, AC031, AC032, and AC041.	
AD011	Girls’ outerwear	Apparel	All types and styles of girls’ coats, jackets, and vests intended to be worn outdoors in preschool and girls’ sizes.	
AD012	Girls' dresses	Apparel	All types and styles of dresses, jumpers, jumpsuits, and rompers in preschool and grade-school girl sizes. Dress and jacket or dress and leggings combinations sold as one unit with one price tag are included.	
AD013	Girls' tops	Apparel	All types and styles of cardigan and pullover sweaters, cardigan and pullover sweater vests, shrugs, shirts, blouses, woven vests, one-piece leotards and bodysuits, exercise/activewear tops, sweatshirts, and sports jerseys in preschool and grade school girls' sizes.	
AD014	Girls’ skirts, pants, and shorts	Apparel	All types and styles of pants and skirts such as such as slacks, jeans, leggings, pant sets, overalls, shorts, shorts sets, shortalls, ski pants, casual and dress skirts, skorts/scooters, and sweatpants sold in preschool, grade school, and preteen girls’ sizes.	
AD015	Girls' active sportswear	Apparel	All types and styles of girls' exercise and active sportswear including swimsuits, swim cover-ups, sweatshirts, sweatpants, yoga pants, sport-specific apparel (such as bike shorts, tennis dresses, and dance outfits), ski/snow pants, ski/snow suits, sports jerseys, one- and two-piece leotards, unitards, and pants and jackets for warm-up, jogging, running, or exercise activities sold in preschool, grade school, and preteen girls' sizes. In both clusters, girls' active sportswear items can be priced either as a single item or as a set consisting of up to three pieces sold together as a unit having only one price tag. This ELI was no longer included in new samples beginning in 2016. These items are now included in ELIs AD011, AD012, AD013, AD014, and AD016.	
AD016	Girls’ underwear, nightwear, hosiery, accessories, and swimwear	Apparel	All types and styles of girls' underwear, sleepwear, and apparel-related accessories in the categories of legwear, hats, head wraps and covers, hand and arm coverings, purses and similar bags, wallets and other small money holders, sunglasses, and swimsuits sold in preschool and grade school sizes, including unisex-designated items, for the use of girls in these age groups.	
AE011	Men's footwear	Apparel	All types and styles of men's casual or dress shoes, boots, sandals, athletic shoes, waterproof footwear, and house slippers sold in men's size ranges.	
AE021	Boys’ footwear	Apparel	All types and styles of boys’ shoes, boots, sandals, athletic shoes (including specialized athletic footwear), and house slippers sold in boys’ size ranges.	
AE022	Girls’ footwear	Apparel	All types and styles of girls’ shoes, boots, sandals, athletic shoes (including specialized athletic footwear), and house slippers sold in girls’ size ranges.	
AE031	Women's footwear	Apparel	All types and styles of women's casual or dress shoes, boots, sandals, athletic shoes, waterproof footwear, and house slippers sold in women's size ranges.	
AF011	Infants' & toddlers' outer/play/dress/sleep wear & accessories	Apparel	All types and styles of coats, coat sets, jackets, snowsuits, buntings, pramsuits, rompers, sweaters, pants, tops, sunsuits, playsuits, coveralls, dresses, skirts, sleepers, pajamas, gowns, sleeping bags, and accessories sold in infants' and toddlers' sizes.	
AF012	Infants’ & toddlers’ underwear & diapers	Apparel	All types of disposable and cloth diapers, diaper liners, undershirts, slips, and underpants sold in infants’ and toddlers’ sizes including waterproof and training varieties.	
AG011	Watches	Apparel	All types and styles of wrist watches, pocket watches, and other types of watches meant to be worn on the body (i.e. ring watches) for men, women, and children.	
AG021	Jewelry	Apparel	All types and styles of fine and fashion jewelry for men, women, and children are eligible for pricing.	
EA011	Educational Books	Education and communication	Any new book which is intended for use as an aid for education at all levels of education from elementary to college and post-graduate level. Books may be bound or unbound and can be purchased at a bookstore, over the Internet, through mail-order, or by electronically downloading their content from the Internet (E-Books). Books may be rented or purchased.	
EA012	Elementary/high school textbooks	Education and communication	Any new book which is intended for use as an aid to further learning at an elementary or high school level. Books may be bound (data copied on papers surrounded with hard or soft cover) purchased at a bookstore, over the Internet, or through mail-order. Books purchased by downloading their content from the Internet (E-Books) are eligible. If a book is only sold as part of a full grade-level set, the entire book set is eligible. Books/sets of books used in home-schooling are also eligible. NOTE: BLS is discontinuing the EA012 ELI and merging it in to EA011. No new quotes will be initiated in this ELI following the August 2024 initiation cycle. All currently priced EA012 quotes will rotate out of the index by the middle of 2029.	
EA013	Encyclopedias and other sets of reference books	Education and communication	All sets of encyclopedias and reference books, regardless of whether the data is stored on bound books or electronic media	
EB011	College tuition and fixed fees	Education and communication	Includes all tuition and fixed fees charged by colleges and universities. Only undergraduate and graduate degrees awarded at degree-conferring institutions are eligible for pricing. Includes both full tuition payment and tuition payment reduced by financial aid.	
EB021	Elementary and high school tuition and fixed fees	Education and communication	All tuition and fixed fees charged by private elementary schools and high schools (kindergarten – grade 12). Boarding schools (a school where students reside during the semester) are eligible for pricing.	
EB031	Day care and preschool	Education and communication	Includes charges for the care of pre-elementary school children, including pre-kindergarten educational programs and co-operative schools. Individuals whose occupation is to regularly care for pre-elementary school children are included.	
EB041	Technical and vocational school tuition and fixed fees	Education and communication	Includes all tuition and fixed fees charged by non-degree granting institutions such as business, secretarial, technical, vocational, or trade schools. Tuition and fixed fees for non-degree programs offered at colleges and universities are also eligible. Only non-transferrable Associate degrees and non-degrees such as certificates and diplomas are eligible for pricing under this ELI. For Associate degrees, only occupational/technical Associate degrees designed to help students prepare for a particular career path are eligible for pricing. Programs may be taken at the physical school, through the mail (correspondence courses) or online. Students do not have to physically attend classes in the selected school's facilities.	
EC011	Postage	Education and communication	Includes the postage service provided by the United States Postal Service. The following items are the only items eligible for pricing: First Class Card Postage, First Class Letter Postage, Express and Priority Mail, and Package Postage.	
EC021	Delivery services	Education and communication	Includes fees for delivery of items such as letters, documents, and packages at non-US Postal Services facilities.	
ED031	Wireless phone service	Education and communication	Personal wireless/cellular telephone service where the telephone instrument is portable and sends/receives signals for calls through the air waves. This includes both postpaid (monthly) plans and prepaid plans. All service charges, applicable per-plan charges or per-minute call charges, and other charges normally included in a cellular plan are eligible for pricing.	
ED041	Residential telephone services	Education and communication	Standalone residential telephone service plans and bundled package plans that include residential telephone service and one or both of the following: cable, satellite, or other residential television (TV) service and/or internet service. All types of residential telephone services, including residential VoIP (Voice over Internet Protocol). All applicable service charges, per-plan charges, other charges normally listed as part of a selected landline local and/or toll plan, or individual charges for telephone, television, and/or internet segments of the plan are eligible for pricing. NOTE: BLS is transitioning away from pricing bundled packages of telecommunications services. No new quotes of residential telephone, residential internet, and/or residential TV services bundled together will be initiated following the February 2024 initiation cycle. All currently priced bundled services will rotate out of the index by late 2028.	
EE011	Computers, peripherals, and smart home assistants	Education and communication	Includes all types of personal computers including handheld computers, computer hardware, and peripheral equipment sold for noncommercial applications. Smart home assistants with Bluetooth speakers, and or screens are also included.	
EE021	Computer software and blank media	Education and communication	"Software on media, such as discs, CDs, DVDs, or downloadable software. This ELI includes ""Apps"" purchased directly from cell phones or online ""app"" stores. Blank media (storage) includes blank DVDs or CDs and flash drives. Older recordable media types such as VHS video tapes or mini DVDs are also included here"	
EE031	Internet access and other information services	Education and communication	Includes subscriber fees for residential internet access, other online services such as Webhosting, domain names, and file hosting for non-business use; residential telephone and TV services bundled with residential internet service; mobile internet access (in the home and outside the home). Other monthly subscriber fees are included as well. Examples of monthly subscriber fees include, but are not limited to base plan prices, internet rental equipment, internet service fees, installation and activation fees, and other associated taxes/fees. NOTE: BLS is transitioning away from pricing bundled packages of telecommunications services. No new quotes of residential telephone, residential internet, and/or residential TV services bundled together will be initiated following the February 2024 initiation cycle. All currently priced bundled services will rotate out of the index by late 2028.	
EE041	Phones, accessories, and smartwatches	Education and communication	Includes cellphones, home-based phones, phone accessories, and smartwatches.	
EE042	Calculators, typewriters, and other information processing equipment	Education and communication	Calculators, typewriters, and other information processing equipment for non-business use.	
FA011	Flour and prepared flour mixes	Food and beverages	Includes all types and varieties of flour and prepared baking mixes. Examples of flour include all purpose, self-rising, barley, bran, buckwheat, corn, graham, potato, rye, soybean, wheat, rice, and cake flour. Examples of prepared baking mixes include cake mixes, cookie mixes, as well as pancake, waffle, muffin, roll, bread, piecrust, pie, and biscuit prepared flour mixes.	
FA021	Breakfast cereal & cereal bars	Food and beverages	Includes all varieties and types of ready-to-eat and cooked cereals, including cereal in a single box, multiple boxes, or unpackaged (e.g. out of a bin or bulk). Also includes granola bars and bars labeled as cereal bars. The bars may be either chewy or crunchy style.	
FA031	Rice, pasta, cornmeal, and other cereal products	Food and beverages	Includes rice, pasta, cornmeal, and other cereal products (e.g., couscous, millet, barley, bran, flax seed, and quinoa).	
FB011	Bread	Food and beverages	Includes all varieties of bread and tortillas whether fresh or frozen. Gluten free breads, naan, pita breads, and flatbreads are also included.	
FB021	Fresh biscuits, rolls, and muffins	Food and beverages	Includes all fresh rolls, biscuits, and muffins, regardless of type of flour.	
FB031	Cakes and cupcakes (excluding frozen)	Food and beverages	Includes all cakes, cupcakes, and brownies which are fresh, refrigerated, pre-packaged, or in any other non-frozen form. This ELI also includes cakes such as cheesecake which are kept refrigerated to prevent spoilage; and bread type cakes such as canned nut breads, date breads, gingerbread, baba au rum, banana nut breads, sweet breads, and raisin nut bread.	
FB032	Cookies	Food and beverages	All cookies such as filled cookies, iced cookies, and frozen cookies. This ELI also includes unfilled cones that are used for ice cream.	
FB041	Crackers and bread & cracker products	Food and beverages	Includes all cracker and bread & cracker products.	
FB042	Sweet rolls, coffee cake & doughnuts (excluding frozen)	Food and beverages	Includes all sweet rolls, coffee cake, and doughnuts both fresh and pre-packaged. Sweet rolls include Danish pastries, cinnamon buns, etc. Coffee cakes include strudels as well as more conventional cinnamon coffee cakes. All doughnuts are included, e.g., filled doughnuts, crullers, twists, etc.	
FB043	Frozen bakery products & frozen/refrigerated doughs & batters	Food and beverages	All frozen bakery products except frozen bread and cookies. This ELI also includes all frozen or refrigerated doughs and batters.	
FB044	Pies, tarts, turnovers (excluding frozen)	Food and beverages	Includes all fresh or pre-packaged pies, tarts, turnovers, and toaster pastries.	
FC011	Uncooked ground beef	Food and beverages	This ELI includes fresh or frozen 100% ground beef, or ground beef with additives or extenders. Also includes kosher beef.	
FC021	Uncooked beef roasts	Food and beverages	Includes all fresh or frozen roasts from the beef carcass. Includes kosher beef.	
FC031	Uncooked beef steaks	Food and beverages	All fresh or frozen steaks from the beef carcass. Includes kosher beef.	
FC041	Uncooked other beef and veal	Food and beverages	Includes all fresh or frozen uncooked beef except ground beef, beef roasts, and beef steaks. Includes all fresh or frozen veal.	
FD011	Bacon, breakfast sausage and related products	Food and beverages	This ELI includes all types and forms (or cuts) of pork bacon, Canadian bacon and bacon substitutes such as turkey bacon, beef bacon, vegetarian bacon, etc. Examples of bacon forms (or cuts) are slab bacon, sliced bacon, end pieces and jowl bacon. Also included in this ELI are various types and forms of breakfast sausage such as, pork sausage, vegetarian based sausage, and other meats based sausage including a variety of meat combinations. Examples of meat combinations may include pork and turkey, pork and beef, etc. Forms of breakfast sausage may include loose, unlinked and linked in casings, and patty meat substitutes, formed links without casings, etc. The ingredients for breakfast sausage may include meat, poultry, cereal, soy protein, and other extenders.	
FD021	Ham	Food and beverages	Includes ham that is fresh, canned, cured, or smoked, etc. Cooked and uncooked ham are both included.	
FD031	Pork chops	Food and beverages	Includes all cuts of pork chops whether fresh, frozen, or smoked. Stuffed pork chops are also eligible in this ELI.	
FD041	Other pork including roasts, steaks, and ribs	Food and beverages	Includes all pork roasts, steaks, and ribs, both fresh and cured excluding canned. Examples of pork roasts include shoulder roasts, arm roasts or picnic roasts, and Blade Boston or Boston butt roasts. Primary examples of pork steak are blade steak, arm steak, and cubed steak. Also included in this ELI are different types of pork ribs such as baby back or back ribs, and country style ribs. Other pork cuts such as pork tenderloin, and pig feet (not pickled), are also included in this ELI.	
FE011	Frankfurters	Food and beverages	Includes all frankfurters and hot dogs. The ingredients may include meat, poultry, cereal, soy protein, and other extenders. The frankfurters may be filled with cheese, bacon and cheese, chili, etc.	
FE012	Lunchmeats	Food and beverages	Includes all lunchmeats, luncheon loaves, and sausages not used as breakfast items. Lunchmeats are typically intended for sandwiches; they are usually sliced and generally do not require cooking before use. The sausage included in this ELI may or may not be sliced, and may or may not require cooking before use. Examples of items in this ELI are: bologna, liverwurst, salami, sliced roast beef, dried chipped beef, sliced chicken or turkey, chicken loaf, ham loaf, bratwurst, pepperoni, summer sausage, and Italian sausage.	
FE013	Lamb, organ meats, and game	Food and beverages	Includes all lamb and mutton; organ meats from beef, pork, veal, lamb, and other animals; and game. The ELI also includes combinations of uncooked ground meat such as beef and pork, beef and veal, and ground poultry combined with other ground meat; and combinations of uncooked meat from more than one animal source. Examples of organ meats are: liver, kidney, heart, brains, tripe, chitterlings, and tongue. Examples of game are: buffalo, bison, venison, goat, rabbit, quail, rattlesnake, pheasant, grouse, quail, etc.	
FF011	Chicken	Food and beverages	Includes all uncooked, fresh and frozen whole chicken, chicken parts, organ meats and chicken roasts. Uncooked chicken that has been seasoned or marinated is included in this ELI.	
FF021	Turkey and other poultry	Food and beverages	Includes fresh and frozen turkeys, turkey parts, ground turkey, turkey roasts, Cornish game hens, duck, goose, game birds, and other uncooked poultry.	
FG011	Fresh fish and seafood	Food and beverages	"Includes uncooked fish and seafood that are not sold frozen. These items are generally sold as ""fresh"" by the outlet but also include items labeled as ""previously frozen"". Some items can be sold live (e.g. crabs). Items may be marinated, seasoned, stuffed with other ingredients, or shaped into patties or cakes. However, they must remain uncooked to be eligible. The physical state can be altered by peeling/deveining (shrimp), shucking (oysters), or scaling/cleaning/filleting/cutting (finfish). Note the outlet may have pre-wrapped these eligible items in a tray."	
FG021	Processed fish and seafood	Food and beverages	Includes most processed fish and seafood products located in various sections of an outlet: Canned fish and seafood section (shelf stable) such as: canned tuna, canned salmon, canned sardines, tuna in a pouch package, salmon in a pouch package; Frozen fish and seafood section (uncooked and cooked) such as: breaded fish sticks, pre-packaged raw shrimp, pre-packaged cooked shrimp (may include cocktail sauce), bag of cod fillets; Refrigerated section, but limited to cooked items (may be located next to the fresh seafood case or counter) such as: smoked salmon, pickled smoked herring packed in sauce, pre-cooked crab meat, imitation crab (surimi); fresh seafood case or counter, but limited to cooked/steamed items such as: cooked shrimp, steamed snow crab legs/clusters, whole cooked lobster, crab meat or crab cakes	
FH011	Eggs	Food and beverages	Includes all types of chicken and non-chicken eggs such as shell eggs, egg substitutes or egg products. Egg substitutes or products may be in liquid, powdered, frozen, or hard-cooked/boiled form.	
FJ011	Milk	Food and beverages	This ELI includes all fresh, ready-to-drink (RTD) milk and milk substitutes. Items can be organic or not organic. Examples of items in this ELI are, whole milk, reduced fat milk, low fat milk, skim milk or non-fat milk, buttermilk, flavored milk, lactose reduced milk, lactose free milk, acidophilus milk, ultra high temperature (UHT) milk, goat milk, soy milk, almond milk, coconut milk, and rice milk.	
FJ021	Cheese and cheese products	Food and beverages	Includes all natural and processed cheeses, cheese foods, cheese spread, and imitation cheeses.	
FJ031	Ice cream and related products	Food and beverages	This ELI includes all types of ice cream and its substitute items. These may be sold in bulk, cups, sandwiches, bars, slices, cakes or pies. Examples of items are ice cream, sherbet and frozen yogurt. Also included are flavored ice products like popsicles, sorbets, and Italian ices. Other dairy confections such as gelato, frozen custard and freeze dried ice cream, are also eligible. Dairy-free items such as soy and coconut milk ice cream-type products are included as well.	
FJ041	Other dairy and related products	Food and beverages	Includes all types of dairy and non-dairy based milk that are not ready-to-drink (RTD) such as powdered milk, evaporated milk, and condensed milk. Included in this ELI are various types and varieties of yogurt, sour cream, whipping cream, whipped or pre-whipped cream, half and half, etc., that may be used in baking, cooking, toppings, fillings or used as a substitute for milk or cream in coffee or other beverages, etc. This ELI also includes those ready-to-drink (RTD) products that contains at least some dairy ingredients. Examples of these are milkshakes, smoothies (includes both dairy and non-dairy, such as soy-based smoothie), nonalcoholic eggnogs, malted milk, yogurt drink, and kefir. Non-dairy products include products derived from soy, almond, rice, coconut, etc.	
FK011	Apples	Food and beverages	Includes fresh apples (whether intended for eating and/or cooking) and refrigerated sliced/peeled apples.	
FK021	Bananas	Food and beverages	Includes fresh traditional bananas, whether ripened, un-ripened, or over-ripened. Also includes miniature (baby) bananas, red bananas, and plantains.	
FK031	Citrus fruits	Food and beverages	"Includes fresh citrus fruits, such as oranges, grapefruit, lemons, and limes. Orange varieties include navel, Cara Cara navel, Valencia, tangelo, and blood orange. Smaller-sized varieties such as mandarins, clementines, tangerines, satsuma, and Dancy oranges are also eligible. Lesser-known specialty citrus fruits, such as Buddha's hand, kumquats, pomelos (pummelos), and ugli fruit are also priced here. ""Fresh cut"" and ""peeled"" citrus fruits are eligible."	
FK041	Other fresh fruits	Food and beverages	"Includes fresh fruits other than apples, bananas, and citrus fruits. Examples include apricots, avocados, berries, cherries, coconut, grapes, guava, kiwifruit, mangoes, melons, nectarines, papaya, peaches, pears, persimmons, pineapples, plums, pluots, pomegranates, and quinces. ""Fresh-cut"" and ""peeled"" fruits are eligible. Platters/trays/baskets/containers comprising of a mix of different fresh fruits are included."	
FL011	Potatoes	Food and beverages	Includes all fresh potatoes such as russet, white, yellow, red, purple (blue), fingerling, sweet potatoes, and others.	
FL021	Lettuce	Food and beverages	"Includes all fresh lettuce varieties including packaged, so called ""fresh cut"" 100% lettuce salads and salad mixes, provided lettuce is the ONLY vegetable."	
FL031	Tomatoes	Food and beverages	All fresh tomatoes, any type or variety.	
FL041	Other fresh vegetables including fresh herbs	Food and beverages	"Includes all fresh vegetables other than potatoes, lettuce, and tomatoes (e.g., artichokes, asparagus, beans, beets, broccoli, cabbage, carrots, cauliflower, celery, corn, cucumber, eggplant, garlic, leafy greens, leeks, mushrooms, okra, onions, parsnips, peas, peppers, radishes, rutabagas, shallots, squash, and turnips), and fresh herbs (e.g., basil, cilantro, dill, marjoram, mint, oregano, rosemary, saffron, sage, tarragon, and thyme). ""Packaged, fresh cut"" vegetables, salads and salad mixes which are not made up entirely of lettuce are also included. Items in this ELI may include a small package of dressing or mix and/or non-vegetable items such as croutons or cheese."	
FM011	Canned fruits and vegetables	Food and beverages	"Includes all types and varieties of fruits and vegetables which have been processed by a ""canning"" procedure to prolong their shelf life and are typically sold in cans, jars, or cups. Includes ""canned"" items that may require refrigeration prior to opening. Also includes refried beans, canned beans, and canned baked beans with meat or meat flavoring"	
FM021	Frozen fruits and vegetables	Food and beverages	Includes all types and varieties of frozen fruits and vegetables. Frozen vegetables including some combination of rice, noodles, pasta, or sauce are eligible for this ELI. Packages of fruits and vegetables intended for use as smoothie mixes are also eligible. These packages would consist primarily of fruits and/or vegetables and only have minor additives, such as protein powder, cubes, and other miscellaneous additives.	
FM031	Dried fruits and vegetables	Food and beverages	"Includes all dried, freeze dried, or dehydrated fruits and vegetables which have been processed to extend their shelf life by any means other than freezing or canning. Includes all other processed vegetables that are not canned, frozen, or in a prepared dish. Fruit bars and fruit ""chips"" made primarily of dried fruit with minimal additional ingredients are also included."	
FN011	Carbonated drinks	Food and beverages	All sizes and flavors of non-alcoholic carbonated drinks. Includes regular, decaffeinated, flavored, and diet varieties of cola, ginger ale, root beer, pepper-type, fruit (such as lemon-lime, orange, and grape), club soda, tonic water, sparkling mineral water, and carbonated energy drinks.	
FN021	Frozen noncarbonated juices and drinks	Food and beverages	Includes all types and varieties of frozen noncarbonated juices and drinks. Examples are frozen juices like orange juice, frozen ades such as lemonade, frozen vegetable juices, frozen drinks, frozen fruit-flavored drinks, frozen tea and frozen coffee drinks.	
FN031	Nonfrozen noncarbonated juices and drinks	Food and beverages	Includes all types and varieties of noncarbonated juices and drinks that are not frozen. This includes canned, bottled, fresh, refrigerated, and aseptically packaged items. Examples are fruit juices (single strength or reconstituted) like orange juice, fruit flavored drinks, fruit ades such as lemonade, all vegetable juices such as carrot, tomato, and vegetable cocktail, noncarbonated bottled waters, and noncarbonated energy drinks. Ready-to-drink teas and tea-flavored drinks, ready-to-drink coffees and coffee-flavored drinks, as well as non-dairy chocolate drinks are also included.	
FP011	Coffee	Food and beverages	Includes all roasted coffee and instant coffee.	
FP021	Tea	Food and beverages	Includes all forms and varieties of tea. Examples of items in this ELI are loose tea, tea bags, powders/crystals, and herbal tea.	
FP022	Other beverage materials	Food and beverages	Includes powders, crystals, tablets, and syrups used to make beverages other than coffee and tea. Also includes cocktail mixes and ice.	
FR011	Sugar and artificial sweeteners	Food and beverages	Includes white sugar, brown sugar. and raw sugar. Also includes all types of sugar substitutes such as natural sweeteners and artificial sweeteners. All forms of sugar and sugar substitutes are included, such as granulated, powdered, cubed, and liquid.	
FR021	Candy and chewing gum	Food and beverages	Includes most types of chocolate candy, non-chocolate candy, chewing gum, and breath mints. Fruit flavored rolls and snacks are also eligible in this ELI.	
FR031	Other sweets	Food and beverages	Includes jellies, jams, preserves, fruit spreads, marmalades, fruit butters, molasses, honey, pancake syrup, agave syrup, chocolate syrup, ice cream topping/sauce, marshmallows, icings, cake decorations, and similar products. Also includes fudge mixes and icing mixes.	
FS011	Butter and margarine	Food and beverages	Includes all refrigerated types of butter, margarine, vegetable oil spreads, and blends of vegetable oils and animal fats.	
FS021	Mayonnaise, salad dressing, and sandwich spreads	Food and beverages	All products labeled as dressings, salad dressings, vinaigrettes, mayonnaise, and sandwich spreads. If an item is a combination of a dressing/marinade, dressing/sauce, or dressing/dip, it is still eligible to be priced in this ELI.	
FS031	Peanut butter and other nut butters	Food and beverages	Includes all types of nut butters which contain peanuts, almonds, cashews, macadamia, and other nuts. Also included are nut butters combined with jelly, chocolate, honey, maple syrup, raisins, spices, and other such ingredients.	
FS032	Other fats and oils	Food and beverages	Includes lard, shortening, salad or cooking oil, and cooking sprays.	
FT011	Soups and soup bases	Food and beverages	"Includes shelf-stable, frozen, and refrigerated soup and soup mixes in all types of containers. Dried soups (such as ramen and noodle soup cups), and ""soup and dip mix"" products are also included. Bouillon, broths, stocks, and other soup bases in dried, liquid, or paste form are also eligible in this ELI."	
FT021	Frozen prepared foods	Food and beverages	Includes the following frozen products: most individual and family-sized prepared meals and entrees, including breakfast, lunch, and dinner; pot pies; pizza; fully-cooked prepared chicken such as fried chicken, wings, and nuggets; party-type snacks and appetizers such as pizza rolls, mozzarella sticks, and corn dogs; certain breakfast foods, such as breakfast bowls, breakfast sandwiches such as sausage/egg/cheese croissants, and combination-type meals such as French toast with sausage, or scrambled eggs and bacon; and vegetarian-based (meatless) burger patties.	
FT031	Snacks	Food and beverages	"Includes all types of potato chips and other snacks such as vegetable chips/snacks, popcorn kernels, popped corn, rice cakes, cheese flavored snacks, filled crackers, potato sticks, pork rinds, ""snack type"" seeds (e.g., sunflower, pumpkin seeds), variety packs, trail mix, etc. This ELI also includes all varieties of nuts, whether in shell or out of shell."	
FT041	Salt and other seasonings and spices	Food and beverages	Includes salt, pepper, seasonings/seasoning blends, spices, and dried herbs. Cooking bags with seasonings, grinders, and dry rubs are also eligible in this ELI.	
FT042	Olives, pickles, relishes	Food and beverages	Includes all types and varieties of olives, pickles, and relishes.	
FT043	Sauces and gravies	Food and beverages	Pasta sauce, both tomato-based and non-tomato based (e.g. marinara, tomato garlic, vodka, alfredo, pesto), tomato sauce, barbecue sauce, steak sauce, Worcestershire sauce, hot sauce, pepper sauce, sriracha, chili sauce, salsa, picante sauce, ketchup, mustard, soy sauce, teriyaki sauce, cocktail sauce, tartar sauce, remoulade sauce, gravy, simmer sauces. Other sauces such as enchilada, Hollandaise, horseradish, peanut, pizza, sweet and sour, taco, wing sauce, and marinades. Products eligible in this ELI can be in dry powder form (e.g. sauce mix, marinade mix) or in prepared ready-made form (shelf-stable or refrigerated). Tomato paste and tomato puree are also eligible in this ELI.	
FT044	Other condiments (excluding olives, pickles, and relishes)	Food and beverages	Includes baking powder, bicarbonate of soda, yeast, extracts or flavorings, prepared dips, dry dip mixes, baking chocolate, chocolate chips, butterscotch, gelatin, vinegar, maraschino cherries, etc.	
FT051	Baby food and formula	Food and beverages	Includes formula, fruit, vegetable, cereal, meat, snack, juice, and meal products designed for newborns (1 month), infants (up to 1 year), and toddlers (generally up to age 3).	
FT061	Prepared salads	Food and beverages	Includes all ready-to-eat salads such as potato salad, cole slaw, and jello salad. Items in this ELI are often sold at the deli counter or in a refrigerated section. This ELI also includes everything sold as part of a salad bar.	
FT062	Other miscellaneous foods	Food and beverages	Includes any non-frozen foods not priced elsewhere in Food at Home. Items generally include refrigerated or shelf-stable packaged meals, dishes, and kits. Eligible items in this ELI include: Spanish/Mexican foods; Italian foods; Asian foods; prepared meat/poultry/fish dishes; dried pasta/rice/couscous with sauces/flavorings/seasonings; miscellaneous desserts; and protein powders/shakes/bars.	
FV011	Full service meals and snacks	Food and beverages	Food and non-alcoholic beverages purchased at establishments primarily geared towards on-premise consumption. Waiter/waitress service is provided, and food and drink orders are taken while patrons are seated at a table, counter, or booth. Payment is taken after eating.	
FV021	Limited service meals and snacks	Food and beverages	Food and non-alcoholic beverages purchased at establishments where patrons generally order and pay at the register before eating. Food and non-alcoholic beverages may be consumed on the premises, taken out, or delivered to customers’ locations. If waiter/waitress service is provided, they do not take food orders while patrons are seated at a table, counter, or booth. Additionally, to-go menus at full-service establishments providing dedicated take-out service are eligible.	
FV031	Food at employee sites and schools	Food and beverages	Includes most food and non-alcoholic beverages purchased at employee sites and schools. Employee sites typically include cafeterias, dining rooms, and snack bars located in establishments such as office buildings, factories/plants, and hospitals. Food service businesses at employee sites may be directly run by the employer/employee site, or by a contractor for the employer/employee site. Food purchased from cafeterias in elementary and secondary schools are eligible. Other than meal plans, food sold at colleges is included in the ELI	
FV041	Food from vending machines and mobile vendors	Food and beverages	Food from vending machines and mobile vendors is either food purchased directly from a machine or food sold from a mobile vendor. Nonalcoholic beverages from vending machines and mobile vendors are also included. A vending machine is a machine that dispenses items after the customer pays for the item. A mobile vendor typically would be a cart, a vehicle (e.g. truck/van), or a container which holds the product he or she sells. To qualify as a mobile vendor, the vendor can move the point of sale. The mobile vendor takes the customer's order and sells the product directly to the customers.	
FV051	Board, catered events, and other food away from home	Food and beverages	This ELI includes board (meal plans), catering, catering platters or trays, and any other food away from home not classified elsewhere. It also includes full-service catering, private parties or events at restaurants, and catering that is picked up from restaurants or stores that includes deli platters and trays.	
FW011	Beer, ale, and other malt beverages at home	Food and beverages	All malt beverages purchased for home use.	
FW021	Distilled spirits at home	Food and beverages	"Includes all distilled spirit products purchased for home use. This ELI includes whiskeys, vodka, gin, rum, tequila, and ""specialties"" (brandy, cordials/liqueurs, cocktail/mixed drinks, etc.)."	
FW031	Wine at home	Food and beverages	Includes all wine and wine based low alcohol refreshers purchased for home use.	
FX011	Alcoholic beverages away from home	Food and beverages	Includes all alcoholic malt beverages, wine, low-alcohol refreshers such as coolers and distilled spirits purchased in restaurants, bars, or clubs for on-premise consumption.	
GA011	Cigarettes	Other goods and services	All types and varieties of cigarettes sold in individual packs, multi-packs, and cartons.	
GA021	Tobacco products other than cigarettes	Other goods and services	Includes all tobacco products other than cigarettes. Specifically, all types and varieties of cigars, smoking tobacco: pipe and roll-your-own cigarette, and smokeless tobacco: chewing, snuff/dipping, and snus/spitless. It also includes e-juice, a liquid solution that is heated and vaporized by an e-cig device, as well as disposable electronic cigarettes (e-cigs) and other personal vaporizer devices that contain e-juice. E-juice can be sold in prefilled cartridges or in do-it-yourself refill bottles.	
GB011	Products for the hair	Other goods and services	Hair care products including hair color, shampoo, conditioner, hair spray, brushes and combs.	
GB012	Nonelectric dental and shaving products	Other goods and services	Included are dental preparations, toothbrushes and stimulators, other dental products, shaving preparations and shaving products.	
GB013	Deodorant, suntan, sanitary, & footcare products	Other goods and services	Deodorant, suntan products and preparations, sanitary supplies, footcare products and preparations and shoe care products.	
GB014	Electric personal care appliances	Other goods and services	Hair dryers, electric toothbrushes, and electric shavers.	
GB021	Cosmetics/perfume/bath/nail preparations and implements	Other goods and services	Includes all types of cosmetics, bath and nail preparations, cologne and perfume, manicure and make-up implements, and hand sanitizer. Disposable make-up sponges and make-up remover pads/wipes/cloths are eligible for pricing. Also included are items designed for women, men, and children, as well as unisex.	
GC011	Haircuts and other personal care services	Other goods and services	Includes charges for all types of services offered to men, women or children at barber shops, beauty parlors, hair salons, tanning salons, nail salons, day spas or other establishments providing personal care services. Examples of services available include haircuts, shampoos, permanents, hair coloring, facials, manicures, pedicures, shaves, hair removal, tanning and care of wigs or hairpieces.	
GD011	Legal services	Other goods and services	Includes the cost of personal, non-commercial legal services.	
GD021	Funeral and burial services	Other goods and services	Includes funeral expenses, preparation of body (e.g., embalming for burial or preparation for cremation), caskets, and outer burial containers. Also includes the cost of the initial purchase and all maintenance costs for a cemetery lot or crypt including niches and memorials.	
GD031	Laundry and dry cleaning services	Other goods and services	Includes laundry and dry cleaning of apparel and household items in full-service and self-service dry cleaning establishments and laundries. Diaper service is also included.	
GD041	Shoe repair and other shoe services	Other goods and services	Includes all types of shoe repair and other shoe services for men's, women's and children's shoes.	
GD042	Clothing alterations, rentals, and repairs	Other goods and services	Includes all types of alterations and repairs to clothing items and accessories other than shoes, jewelry, and watches. Includes rental, including subscriptions, of all types of clothing items for men, women, and children.	
GD043	Jewelry and watch repairs	Other goods and services	Repair of jewelry items such as rings (e.g. resizing, ring setting repairs), necklaces and bracelets (e.g., chain repair, clasp replacement), and earrings (e.g. earring post repair). Also includes the cleaning, repairing, and part replacement for a wrist watches.	
GD051	Checking accounts and other bank services	Other goods and services	Includes fees related to checking accounts and checking-type accounts, fees for safe deposit boxes, and fees for credit cards. Fees related to checking-type accounts include monthly (or other periodic) charges for the maintenance of an account; transaction charges; the cost of personalized checks; charges for cashier's, certified, or traveler's checks; charges for money orders; charges for notaries public; and other charges (such as ATM fees) related to checking account type services.	
GD052	Tax return preparation and other accounting fees	Other goods and services	Includes all charges for the time and expertise taken to prepare the required tax forms necessary for filing an individual's personal income tax return as well as any filing or other relevant fees charged for self-preparation.	
GE011	Stationery, stationery supplies, and giftwrap	Other goods and services	Includes all forms of paper, envelopes, and stationery, in sets, or separately. Paper includes filler/loose-leaf paper, printer paper, index cards, and self-stick notes. Also includes gift supplies such as wrapping paper, bows, gift bags, and greeting cards. Writing implements like pens, pencils, and highlighters; as well as their accessories can be found in this ELI. Desk and paper accessories such as notebooks, notepads, tape, staples, staplers, paper clips, and paper clip holders are also included.	
GE012	Luggage	Other goods and services	All types and styles of luggage intended for everyday, occasional, or infrequent usage. Examples of luggage include briefcases, cosmetic cases and suitcases.	
GE013	Infants' equipment	Other goods and services	Includes most items of infants' equipment, such as strollers, bottles, nipples, dishes, car seats, and carriers.	
HA011	Rent of primary residence	Housing	The rental charge for units serving as tenant-occupied primary residences including any extra charges for garage & parking facilities.	HA01
HB011	Lodging while at school	Housing	Includes rental of rooms, apartments, flats, and homes while at school. However, only housing that is owned, leased or controlled by the university or college is eligible. This includes housing facilities leased by the university or college and housing that is privately owned but is subject to university or college regulations and price policies. It can be on or off campus housing, as long as the current price information is available through the university or college. Fraternities and sororities are eligible if a room rate can be reported which excludes any membership or special fees.	
HB021	Rental of lodging away from home	Housing	Overnight accommodations at hotels, motels, cottages, resorts, condominiums, and vacation rentals for non-residential use only. Includes any accommodation available for rent on a short-term basis to private individuals on vacation or personal business.	
HC011	Owner's equivalent rent of primary residence	Housing	The implicit rental cost of owner-occupied primary residences	
HD011	Tenants' and household insurance	Housing	Includes contents coverage insurance for tenants as available in standardized homeowners’ policies. Physical damage and liability coverage are both included with homeowners policies. Dwellings eligible for coverage include rented single family dwelling units.	
HE011	Fuel oil	Housing	Includes only fuel oil number 2, used for residential heating	
HE021	Other household fuels	Housing	Fuels sold to residential customers, including propane, butane, methane, kerosene, charcoal lighter fluid, firewood, wood pellets, charcoal, and anthracite or bituminous coal. Refillable propane cylinders, like those used for grilling, are included in this ELI. The following services may be included in the price: delivery, cleaning of furnace, repair service, and automatic refill.	
HF011	Electricity	Housing	Includes electricity service to individually metered residential units.	
HF021	Utility (piped) gas service	Housing	Includes gas purchased from a gas utility or distribution company for residential use and delivered to the customer through pipelines and mains. This gas is generally natural gas, although manufactured or mixed gas, which is 99 percent pure, is also included.	
HG011	Residential water and sewerage service	Housing	Includes water and sewer service to all separately billed residential units.	
HG021	Garbage and trash collection	Housing	Includes privately operated firms and local governments that provide this service. Trash collection that is billed with property taxes or included in the water and sewer bill but listed separately is eligible.	
HH011	Floor coverings	Housing	All types of room rugs, area rugs, scatter rugs, outdoor carpeting, wall-to-wall carpeting including installation, hard surface flooring and ceramic tiles including installation.	
HH021	Curtains and drapes	Housing	All types of curtains and draperies, ready-made and custom-made, installed and not installed.	
HH022	Shades and blinds	Housing	All types of both stock and custom-made blinds, shutters, and shades. Charges for delivery, installation, and disposal of old interior window treatments are included	
HH031	Bathroom linens	Housing	Towels, wash cloths, bath mats, bath rugs, toilet covers, and shower curtains.	
HH032	Bedroom linens	Housing	Bedspreads, blankets, throws, comforters, quilts, duvet covers, coverlets, sheets, pillowcases, bed pillows, mattress pads, mattress toppers, mattress covers, bed skirts, and pillow shams. Electric blankets and electric throws are also included. Any of the above items sold in sets, which may include decorative pillows, are also included.	
HH033	Kitchen and dining room linens	Housing	All types of kitchen and dining room linens, including dishcloths, dishtowels, tablecloths, napkins and placemats. Only single items and sets which are prepackaged are eligible.	
HJ011	Mattress and foundations	Housing	All sizes of mattresses and foundations, whether sold as individual units or as sets.	
HJ012	Bedroom furniture other than mattresses or foundations	Housing	Furniture intended for use in a bedroom. This includes but is not limited to: chest of drawers, dressers, vanities (including mirrors), nightstands, chaise lounges, headboards, frames (and combinations such as headboards, footboards and frames), bunkbeds/loft beds, daybeds and trundles.	
HJ021	Sofas, sofa sleepers, furniture covers and decorative pillows	Housing	Couches, futons, convertible and non-convertible sofas, love seats, sectional/modular groupings, slipcovers, decorative pillows, decorative pillow covers and decorative pillow inserts. Eligible items can be sold individually or as a set.	
HJ022	Living room chairs	Housing	Recliners, upholstered lounge chairs, occasional chairs and inflatable chairs.	
HJ023	Living room tables	Housing	This ELI contains coffee tables, cocktail tables, end tables, console tables and lamp tables of all sizes, shapes and materials.	
HJ024	Kitchen and dining room furniture	Housing	Tables, chairs, case goods, utility type cabinets used in the kitchen, dinette or dining room.	
HJ031	Infants' furniture	Housing	Cribs, mattresses, chests, dressers, playpens, play yards, bassinets, high chairs and dressing tables.	
HJ032	Outdoor furniture	Housing	This includes patio, porch and other outdoor furniture, such as sofas, chairs, chaise lounges, tables, hammocks, canopies, umbrellas, and benches. Also included are sets such as: sofa sets (3 seat + 2 seat or sofa and loveseat), sofa and chair, patio table & chairs, along with picnic style table and bench(s). These items can be priced separately or attached as with benches connected to a picnic table.	
HJ033	Occasional furniture	Housing	Included are entertainment centers, entertainment center armoires, curio cabinets, bookcases, bars and bar sets, desks, bar stools, ottomans, hassocks, and room dividers.	
HK011	Refrigerators and freezers	Housing	All refrigerators, freezers, and combination refrigerator-freezers for the home.	
HK012	Washers and dryers	Housing	All full size and compact automatic washers, clothes dryers, and washer/dryer combinations for use in the home.	
HK013	Ranges and cooktops	Housing	All non-portable ranges and cooktops.	
HK014	Microwave ovens	Housing	All microwave ovens that are not part of a range	
HK021	Floor cleaning equipment	Housing	All types and varieties of vacuum cleaners, steam vacuums, steam mops, electric mops, rug shampooers and floor polishers.	
HK022	Small electric kitchen appliances	Housing	Includes toasters, mixers, blenders, electric can openers, coffee makers, broiler or rotisseries (indoor), electric pots and pans, knives, food warmers, griddles, corn poppers, ice cream freezers, toaster ovens, irons, and all other small electric kitchen appliances except those explicitly included.	
HK023	Other electric appliances	Housing	"Heating and cooling equipment (including all air conditioning units that are not part of a ""central"" air conditioning system, fans, heaters, humidifiers, and dehumidifiers), intercoms, home security devices, and other electric appliances not specifically included elsewhere."	
HL011	Lamps and lighting fixtures	Housing	All types of indoor lighting including floor and table lamps, pole lights, chandeliers and other ceiling and wall lights.	
HL012	Household decorative items and clocks	Housing	Paintings, pictures, digital and conventional picture frames, mirrors, figurines, ash trays, wall hangings, fountains (for indoor use), collectible plates, decorative baskets, book ends, wine racks, vases, and various types and styles of clocks including alarm, wall, table, cuckoo, travel, and floor models.	
HL021	Indoor plants and fresh cut flowers	Housing	All plants both real and artificial intended for use indoors, cut flowers, and arrangements of cut flowers.	
HL031	Dishes	Housing	All non-disposable dishes, serving pieces, and glassware.	
HL032	Flatware	Housing	All non-disposable flatware.	
HL041	Nonelectric cookware	Housing	All types and varieties of nonelectric pots and pans, including tea kettles. Items such as casserole dishes that can be used to cook, serve and store food are included here.	
HL042	Nonelectric kitchenware	Housing	Nonelectric items used in a kitchen for the preparation of food and drinks (e.g., knives, utensils, scales). This also includes standard storage items such as a spice rack, salt and pepper shaker, and oil and vinegar sets.	
HM011	Paint, wallpaper, tools, and supplies	Housing	All types and varieties of paint, wallpaper and other wall coverings, painting chemicals and supplies including brushes, rollers, and roller pads, trays, and combinations of these items.	
HM012	Power tools	Housing	Includes all types of consumer power tools including corded and cordless portable power tools, air power tools, soldering tools, bench and table power tools, power washers and air compressors. Commercial quality tools are eligible to be priced in this ELI.	
HM013	Miscellaneous hardware, supplies, and equipment	Housing	Nails, bolts, screws, abrasives, ladders, curtain and traverse rods, ropes, shelves and shelving, fire extinguishers, locks, and other household hardware items not included elsewhere.	
HM014	Non-powered hand tools	Housing	All non-powered hand tools for indoor and outdoor use including wrenches, pliers, hammers, axes, hatchets, saws, screwdrivers, shovels, hoes, trowels, rakes, and shears.	
HM021	Lawn and garden and outdoor equipment and grills	Housing	All powered lawn and garden equipment including power mowers, riding mowers, garden tractors, snow throwers and blowers, outdoor vacuums, hedge trimmers, grass shears, chainsaws, and attachments included as part of the item. Also included are barbecue grills.	
HM022	Lawn and garden materials, outdoor decorative items, and pesticides	Housing	Includes outdoor plants, trees, shrubs, seeds, soils, mulches, sand, sod, fertilizers, plant foods, weed killers, landscape supplies including stone, block, and crushed rock, plant containers/pots (empty), outdoor decorative items, and all indoor and outdoor pesticides.	
HN011	Laundry and cleaning products	Housing	Household soaps and detergents, bleach, fabric softener, starch, water softener, fabric dye, scouring pads, oven cleaners, window cleaners, bathroom cleaners, ammonia, drain openers, and spot cleaners, for dishwashing, laundry, pre-soak, and general household use. Also included are all types of household waxes and polishes.	
HN012	Laundry and cleaning equipment	Housing	Non-powered laundry and cleaning items including but not limited to clothes baskets, clothes line, ironing boards, pails, brooms, brushes, mops, dust pans, replacement mop heads of any kind, dusters and dust mitts. Starter kits for dust-mop systems or manual carpet sweepers which typically include the sweeper and a couple of cloths, either wet or dry, a bottle of cleaning solution, or cartridges are eligible. Sets of items such as an ironing pad and cover sold together are eligible, as are clothes basket/hamper sets, and dust pan/brush sets.	
HN021	Household paper products	Housing	All sizes and varieties of facial tissue, toilet tissue, paper towels and paper napkins.	
HN031	Miscellaneous household products	Housing	Aluminum foil, waxed paper, plastic wrap, plastic storage and garbage bags, paper bags, plastic and paper storage containers, disposable plates, disposable cups and flatware, toothpicks, light bulbs, household batteries, air fresheners, and other household supplies not included elsewhere.	
HP011	Domestic services	Housing	Includes all domestic services normally provided for a housing unit such as house cleaning, carpet cleaning, window cleaning, upholstery cleaning, cooking, laundering, and shopping.	
HP021	Gardening and lawn care services	Housing	Includes garden or lawn services such as mowing, thatching, trimming, fertilizing, insect control, weed control, mulching, leaf raking, pruning, and seeding. These services are performed by professional or individual gardening and lawn care maintenance firms.	
HP031	Moving, storage, freight expense	Housing	"Includes all types of moving and freight services and storage of ""household contents"" items. Moving includes all distances (local, inter- and intra-state) and freight to encompass all methods of transporting items (motor, air, ship, bus, railway, etc.). ""Household contents"" is a broadly defined term."	
HP041	Appliance repair	Housing	Includes repair to such household appliance items as refrigerators, freezers, stoves, microwave ovens, dishwashers, washers/dryers, and air conditioners. Repair includes labor, parts, and all other applicable charges, service fees, and taxes.	
HP042	Reupholstery of furniture	Housing	Includes materials and labor charges for reupholstering any piece of household furniture. Only reupholstery work done in a shop is included.	
HP043	Inside home maintenance and repair services	Housing	This ELI primarily includes inside contracting service jobs, such as painting, wallpapering, plumbing, or heating/air conditioning work. Other types of jobs that may be considered are plaster/drywall work, electrical work, window repair, or other inside repair work. Only jobs that the customer pays someone else to do (such as a contractor) are eligible.	
MC011	Physicians' services	Medical care	Includes all services by office-based physicians (Doctors of Medicine and Doctors of Osteopathy). Physicians in office-based practices owned by hospitals or private corporations are eligible for pricing in this ELI. Physicians salaried by insurance organizations such as Health Maintenance Organizations are also eligible.	
MC021	Dental services	Medical care	Includes dental services performed by dentists, oral or maxillofacial surgeons, orthodontists, periodontists, endodontists, or other dental specialists in group or individual practice. Includes dental services performed in the dentist's office or in a hospital. Dental services performed under the supervision of practicing dentists by hygienists or dental interns are eligible for pricing in this ELI.	
MC031	Eyeglasses and eyecare	Medical care	Includes fees for all eyecare services by optometrists, opticians, and ophthalmologists, including in-hospital care. Also included are all prescription eyeglasses and contact lenses.	
MC041	Services by other medical professionals	Medical care	Includes all services in the home, office, hospital, independent lab, independent imaging center or clinic by practitioners other than physicians (Doctors of Medicine, abbreviated M.D., and Doctors of Osteopathy, abbreviated D.O.). All types of hearing aids and the cost of testing and fitting of the hearing aid. An independent imaging center or laboratory is one that is independent both of an attending or consulting physicians’ office and of hospital ownership	
MD011	Hospital services	Medical care	Includes out-of-pocket expense and costs covered by health insurance billed by the hospital for: hospital room (accommodation) including board; other inpatient hospital services, and hospital outpatient services. Medicare Part B (outpatient) is eligible for initiation and pricing, as are Medicare Advantage plans. Laboratory tests and x-rays performed by labs owned by the outlet are included and priced.	
MD021	Nursing and convalescent home care	Medical care	Includes charges for institutionalized facility-based (as opposed to in-home) care at an establishment with three or more beds that provides nursing or personal care services to aged, infirm, chronically ill, or convalescing clients. The provider may be a nursing home, skilled or intermediate care facility, post-acute or sub-acute unit of a skilled nursing facility (SNF), SNF or long term care (LTC) unit of a hospital, the nursing care unit of a retirement center, a convalescent or rest home with nursing supervision, a home for the aged, or under narrowly defined circumstances, an assisted living facility (ALF). Price includes only the basic rate plus any mandatory additional charges for NON-OPTIONAL services. The charges reported are to be for inpatients or residents of the facility.	
MD022	Adult day care	Medical care	Includes charges for less-than-24-hours-per-day care for infirm, chronically ill, or functionally impaired individuals aged 18 years and over, billed by the center and paid privately, not by a government subsidy. Also encompasses provided services that may be included either in the base charge or billed as an extra charge, such as: transportation, meals, social services, nursing, personal care, therapy, and medical care. Providers of such care may be affiliated with or sponsored by organizations such as nursing homes, senior citizens centers, hospitals, municipalities, and churches, or may be free-standing, independently owned and operated centers.	
MD031	Home health care	Medical care	Fees paid to individuals or agencies for the personal care of individuals in the home. Personal services provided may include food preparation, making appointments, bathing, light house cleaning, laundry, shopping, and services as well as medical services such as administering medication, monitoring vital signs, or physical therapy. Reimbursement may be paid through private insurance, self-pay (cash), or Medicare Part B.	
MF011	Prescription drugs	Medical care	Includes all drugs dispensed by prescription. Also includes prescription-dispensed over-the-counter drugs, i.e., those drugs that are obtained over the counter but are prescribed by the doctor and dispensed by the pharmacist.	
MF021	Nonprescription drugs	Medical care	Includes all non-prescription medicines taken by ingestion, applying on your skin (such as topicals), inhaling, as suppositories, or enemas.	
MG011	Dressings and first aid kits	Medical care	Includes all dressings (bandages) and first aid kits.	
MG012	Medical equipment for general use	Medical care	Includes non-prescription medical equipment not worn or not used for supporting the body. Includes non-prescription male and female contraceptives.	
MG013	Supportive and convalescent medical equipment	Medical care	Includes all supportive and convalescent medical equipment and auxiliaries to such equipment.	
RA011	Televisions	Recreation	All non-portable, electronic video displays with television tuners. Televisions with built-in DVD or other media players are included. Televisions included in component systems are eligible as long as there is an individual price for the TV. Televisions including separate speakers or stands are also included.	
RA021	Cable and satellite television service	Recreation	Includes subscriber fees for residential television (TV) service. Other monthly subscriber fees are included as well. Examples of monthly subscriber fees include, but are not limited to base plan prices, premium TV networks, TV rental equipment, streaming video services owned and provided by TV providers, TV service fees, installation and activation fees, and other associated taxes/fees. NOTE: BLS is transitioning away from pricing bundled packages of telecommunications services. No new quotes of residential telephone, residential internet, and/or residential TV services bundled together will be initiated following the February 2024 initiation cycle. All currently priced bundled services will rotate out of the index by late 2028.	
RA031	Other video equipment	Recreation	Includes purchased hardware used for displaying or making video. Set-top boxes, devices used to stream video between devices, video cassette recorders (VCRs), digital and personal video recorders (DVR or PVR), video disc players/recorders (DVD or Blu-ray), portable DVD players and other portable video players with screens larger than 7”, handheld portable TVs that are designed to operate on batteries, video cameras (camcorders), satellite television equipment, video accessories, virtual reality headsets and other video products.	
RA041	Prerecorded video discs/digital files/downloads and other media	Recreation	Includes all types of prerecorded Blu-ray, DVDs, and permanent movie downloads that are for sale.	
RA042	Subscription and rental of video and video games	Recreation	Includes subscriptions and one-time rental of video and video game media. These may be rented or subscribed to through physical copy, streaming, or temporary download.	
RA051	Audio media players, recorders, systems, and other equipment	Recreation	All types of home, portable, and automobile audio equipment and accessories.	
RA061	Music media and audio content	Recreation	Includes all prerecorded audio media (other than audio books), including digital files that are downloaded from the Internet. Some audio formats, such as DVD-audio may have a relatively small portion of graphical content and still be eligible in this ELI. Also included in this ELI are subscriptions to streaming and satellite music services. Online or satellite sports subscriptions are also eligible for pricing.	
RB011	Pet food and treats	Recreation	This ELI includes pet food and edible treats. Pet food is usually identified as either food or a type of meal topper that is placed on top of food to make it more appealing. Pet food, treats and meal toppers come in various forms and packaging. Typical foods forms are kibble, wet, burger, chunks, meal, shreds, pellets, flakes, broth and more. Live foods which are fed to reptiles such as mice or crickets are eligible. Food may be shelf-stable such as food in cans, boxes, pouches, etc. that are found on store shelves, or fresh which is refrigerated or frozen in various packaging.	
RB012	Purchase of pets, pet supplies, accessories	Recreation	Dogs, fish, birds and cats. All types of pet supplies and pet accessories for any type of pet. Pet toys, costumes, clothing, feeding bowls, supplies, leashes, collars, harnesses, muzzles, etc. are all included in the ELI.	
RB021	Pet services	Recreation	Pet services includes grooming, boarding at kennels, daycare, pet sitting, walking, obedience training, and license services for pets.	
RB022	Veterinarian services	Recreation	Veterinarian services include medical examinations, shots, surgery, and other medical services that are performed by a veterinarian for primarily domesticated (home, residential) pets.	
RC011	Outboard motors and powered sports vehicles	Recreation	Outboard motors and motorized vehicles used primarily for sport or recreation, including all-terrain vehicles, snowmobiles, power boats, and powered golf carts.	
RC012	Unpowered boats and trailers	Recreation	Rowboats, canoes, sailboats, kayaks, inflatable boats, boat trailers, horse trailers, tent trailers, and unpowered campers.	
RC013	Bicycles and accessories	Recreation	All types and sizes of bicycles and accessories/components.	
RC021	General sports equipment excluding water	Recreation	Equipment for indoor and outdoor sports, including baseball, basketball, football, tennis, table tennis, pool, golf, skating, and snow-skiing. Also includes exercise equipment, skateboards, roller blades, sleds, and fitness/activity trackers.	
RC022	Water sports equipment	Recreation	Includes equipment for the following: scuba, snorkeling, water skis, surfboards, masks, fins, goggles, swim caps, and tubes/towables.	
RC023	Hunting, fishing and camping gear	Recreation	Includes shelters (tents), sleeping bags, hiking (extended journeys and day only) backpacks, fishing rods, reels, lines, camping cookware, hunting knives, ammunition, scopes, bows and arrows, decoys and calls.	
RD011	Film and photographic supplies	Recreation	All types of film and photo supplies including batteries designed specifically for cameras. Disposable cameras are included in this ELI.	
RD012	Photographic equipment	Recreation	Digital cameras and lenses intended primarily for still photography. Includes instant print cameras and cameras with video capabilities (as long as the main purpose of the camera is still photography).	
RD021	Photographer's fees	Recreation	Services provided by establishments and individuals, operating from either a photographic studio or on a house to house basis taking portraits, wedding pictures, school pictures, passport photos, etc. Both still and video photography are included.	
RD022	Photo processing and printing services	Recreation	Developing, printing, scanning, and saving to offline digital storage of all types of color and black and white photographic film and digital image sources. This encompasses color and black and white prints, slides, reprints/enlargements, scanning, graphic manipulation, and storage of photos to hard drives, memory cards, discs, and other forms of offline storage. Photocopy and printing, document duplication, and laminating services.	
RE011	Toys, games, hobbies, and playground equipment	Recreation	All types and varieties of toys and games, hobby supplies, and playground equipment.	
RE012	Video game hardware, software, and accessories	Recreation	Video game players, video game software, and video game accessories. Eligible game consoles are those that play games loaded from a separate media, typically an optical disk.	
RE021	Sewing items	Recreation	Items for home sewing, including sewing machines; fabric for making slipcovers, curtains, clothing and clothing accessories; and all types of notions, such as needles, thread, buttons, zippers, and patterns.	
RE031	Music instruments and accessories	Recreation	All types of musical instruments and accessories including sheet music.	
RF011	Club dues and fees for participant sports/group exercises	Recreation	Membership dues and fees paid to clubs such as country clubs, tennis, swim clubs, health clubs, fraternal and civic organizations, and retail/shopping clubs including warehouse clubs and other shopping clubs and for recreational activities such as boating, fishing, hunting, football, bowling, team sports, table games (chess or bridge), and group exercises (yoga, aerobics, etc.).	
RF021	Admission to movies, theaters, concerts, & other recurring events	Recreation	Includes admissions (single, subscription, and season pass) to events such as movies, theaters, concerts, operas, ballets, theme parks, museums, as well as other recurring events (e.g., flea markets, art shows, fashion shows, non-competitive wrestling).	
RF022	Admission to sporting events	Recreation	Admissions (both single and season tickets) to competitive sporting events such as football, baseball, basketball, hockey, boxing matches, horse races, and dog shows. Include all levels of competition, such as professional, collegiate, high school, etc. Tickets purchased through ticket resellers are also eligible for pricing.	
RF031	Fees for lessons or instructions	Recreation	Includes fees for recreational, non-credit lessons or instructions, including music, sports, bridge, chess, crafts, sewing, photography, driving, cooking, etc.	
RG011	Single copy newspapers and magazines	Recreation	All newspapers, magazines, and other single issue periodicals, this includes newspaper formatted magazines, and comic book series. Also included are online periodicals that may be downloaded as digital files.	
RG012	Subscriptions to newspapers and magazines	Recreation	All newspapers, magazines and other periodicals, this includes newspaper formatted magazines, and comic books series. Also included are online periodicals and subscription cards that come with an online code sold at various retail outlets.	
RG021	Books purchased through book clubs	Recreation	All books and sets of books purchased through book clubs. Including books sold in the following formats: CD, DVD, tape and digital file/download. This ELI was no longer included in new samples beginning in 2016.	
RG022	Books purchased at retail outlets other than book clubs	Recreation	All books purchased individually including books sold in the following formats: CD, DVD, cassette tape, and eBook.	
TA011	New car and truck purchase	Transportation	Includes all new automobiles, trucks and multi-purpose vehicles purchased for personal use. The vehicles are classified as either car or light truck segment. The light truck segment includes pickup, vans, and sport utility vehicles.	
TA012	New motorcycles	Transportation	All new motorcycles, motor scooters, and motorbikes purchased for personal use.	
TA021	Used cars and trucks	Transportation	Used automobiles, trucks, vans and multi-purpose vehicles that are entering the consumer sector for the first time	
TA031	Vehicle leasing	Transportation	Leases for all types of new and used vehicles for a period exceeding four months intended primarily for personal, family, or household purposes.	
TA041	Automobile and truck rental	Transportation	Includes all charges associated with the rental of an automobile, truck, or van for private use, including the moving of household goods.	
TB011	Regular unleaded gasoline	Transportation	Formulations with or without alcohol, of automotive gasoline marketed as Regular, usually with octane ratings of 87.9 or less. In certain higher elevations (i.e., the Rocky Mountain States), the octane ratings may be 2 or more octane points lower.	
TB012	Mid-grade unleaded gasoline	Transportation	Formulations with or without alcohol, of automotive gasoline marketed as Mid-Grade, usually with octane ratings of 88.0 to 90.0. In certain higher elevations (i.e., the Rocky Mountain States), the octane ratings may be 2 or more octane points lower.	
TB013	Premium unleaded gasoline	Transportation	Formulations with or without alcohol, of automotive gasoline marketed as Premium, usually with octane ratings of greater than 90.0. In certain higher elevations (i.e., the Rocky Mountain States), the octane ratings may be 2 or more octane points lower.	
TB021	Automotive diesel fuel	Transportation	Includes diesel with biodiesel concentrations of 5% (sometimes labeled B5) and lower. In certain higher elevations (i.e., the Rocky Mountain States), the octane ratings may be 2 or more octane points lower.	
TB022	Alternative motor fuels	Transportation	All automotive motor fuels other than gasoline and diesel. Includes biodiesel, ethanol, electric, CNG (compressed natural gas) and hydrogen that is sold for use in consumer automobiles for use on public roads/streets.	
TC011	Tires	Transportation	All types of tires for all automobiles, trucks and multi-purpose vehicles purchased for personal use.	
TC021	Vehicle parts and equipment other than tires	Transportation	Motor vehicle parts and equipment purchased and installed by a consumer, including batteries, floor mats, seat covers, polish, wax and all types of motor vehicle replacement parts and accessories.	
TC022	Motor oil, coolant and fluids	Transportation	All types of motor oil, coolant, brake fluid, transmission fluid, gasoline and motor oil additives, and cooling system protectors.	
TD011	Motor vehicle bodywork	Transportation	All repairs and maintenance of the bodies of all motor vehicles, including automobiles, trucks, vans, multi-purpose vehicles, and motorcycles.	
TD021	Motor vehicle maintenance and servicing	Transportation	Routine maintenance, service, and minor repair work, including tune-ups, oil changes, periodic checkups, tire repairs, safety and emissions inspections, and towing.	
TD031	Motor vehicle repair	Transportation	Motor vehicle maintenance and repair of the engine, drive train, braking, steering, cooling, electrical, and exhaust systems, and all other repairs not specifically included elsewhere.	
TE011	Motor vehicle insurance	Transportation	Includes all private passenger vehicle physical damage, liability and miscellaneous insurance coverage. Major types of coverage included are collision, comprehensive, bodily injury liability, property damage liability, medical payments, uninsured motorist, and personal injury protection. Includes all automobiles, vans, SUVs, and trucks that are eligible for private passenger vehicle insurance.	
TF011	State vehicle registration and driver's license	Transportation	Includes the price for initial issue and renewal of private passenger vehicle registration, operator license, and learner permit as required by the state government. For registration, also includes the price for transfer from one vehicle to another. Includes all fees and surcharges which must be paid simultaneously with registration and licensing (e.g., clerk fees, plate fees, eye examinations). Includes non-driving related identification cards such as state IDs and state Real IDs.	
TF031	Parking fees, tolls, and other fees	Transportation	Parking Fees: Includes the price for parking of private passenger motor vehicles at both municipal and private facilities to include metered parking (on and off the street), garages, and parking lots. Also includes residential parking fees separately paid by tenants. Tolls: Includes all tolls charged for private passenger (non-commercial) vehicles to include automobiles, motorcycles, campers, vans, trailers, and trucks, and for the use of public and private bridges, tunnels, ferries, and toll roads. Docking fees: Includes the price charged for docking or mooring a non-commercial, non-residential boat at a dock or at a permanent anchor point (moor) within a body of water. Landing fees: Includes the price charged for landing a general aviation (non-commercial) aircraft at an airport.	
TF032	Automobile service clubs	Transportation	Includes all fees for membership in automobile service clubs. Such clubs primarily provide emergency roadside service for members, e.g., towing, tire change, jump start. Other services typically included are highway trip mapping, tour books, maps, and discounts available at selected hotels and car rental agencies.	
TG011	Airline fares	Transportation	Includes all fares for all flights from the CPI PSU (or nearest city with a qualifying airport) on certified carriers.	
TG021	Intercity bus fares	Transportation	Includes fares for all intercity bus transportation which originates within and terminates outside the sampled area.	
TG022	Intercity train fares	Transportation	Includes one-way fares for all long-distance intercity passenger train transportation that originates within and terminates outside the sampled area.	
TG023	Cruise fares	Transportation	Includes all fares for national or international travel on passenger cruise ship carriers, (e.g., ocean liner, cruise ship, river cruise, etc.). Only passenger cruise ships with stateroom accommodations, and voyages that last over 24 hours are eligible for pricing.	
TG031	Intracity mass transit	Transportation	Includes fares charged for specific trips taken on any type of local mass transit (e.g., bus, subway, trolley, light rail, commuter train and passenger ferry) and shared mobility (e.g., bikesharing, scooter-sharing and moped-sharing). Fares may be cash, farecard/smartcard, weekly pass, monthly pass, multiple ride ticket, student fares, memberships or any other applicable rate schedule.	
TG032	Vehicle for hire	Transportation	Includes all taxi and rideshare fares charged for passenger trips. Includes personal airport transportation. Includes vehicles hired for transportation for group events.	
TG033	Car and van pools	Transportation	Includes fares charged for specific commuting trips taken by individuals assigned or belonging to a van, car, or other ride sharing vehicle pool.	
