ucc,status,exclusion_reason,provenance_class,ce_source,dmi_node,all_cu_published_mean,magnitude_stratum,annualization_factor
001000,EXCLUDED,NOT_DIRECT_CONCORDANCE_UCC,PUBLISHED_CE_UCC,,,,,
001010,EXCLUDED,NOT_DIRECT_CONCORDANCE_UCC,PUBLISHED_CE_UCC,,,,,
001210,EXCLUDED,NOT_DIRECT_CONCORDANCE_UCC,PUBLISHED_CE_UCC,,,,,
001220,EXCLUDED,NOT_DIRECT_CONCORDANCE_UCC,PUBLISHED_CE_UCC,,,,,
002010,EXCLUDED,NOT_DIRECT_CONCORDANCE_UCC,PUBLISHED_CE_UCC,,,,,
002020,EXCLUDED,NOT_DIRECT_CONCORDANCE_UCC,PUBLISHED_CE_UCC,,,,,
002030,EXCLUDED,NOT_DIRECT_CONCORDANCE_UCC,PUBLISHED_CE_UCC,,,,,
002120,EXCLUDED,NOT_DIRECT_CONCORDANCE_UCC,PUBLISHED_CE_UCC,,,,,1
003000,EXCLUDED,NOT_DIRECT_CONCORDANCE_UCC,PUBLISHED_CE_UCC,,,,,
003100,EXCLUDED,NOT_DIRECT_CONCORDANCE_UCC,PUBLISHED_CE_UCC,,,,,
005100,EXCLUDED,NOT_DIRECT_CONCORDANCE_UCC,PUBLISHED_CE_UCC,,,,,4
005110,EXCLUDED,NOT_DIRECT_CONCORDANCE_UCC,PUBLISHED_CE_UCC,,,,,-4
005200,EXCLUDED,NOT_DIRECT_CONCORDANCE_UCC,PUBLISHED_CE_UCC,,,,,4
005210,EXCLUDED,NOT_DIRECT_CONCORDANCE_UCC,PUBLISHED_CE_UCC,,,,,-4
005300,EXCLUDED,NOT_DIRECT_CONCORDANCE_UCC,PUBLISHED_CE_UCC,,,,,4
005310,EXCLUDED,NOT_DIRECT_CONCORDANCE_UCC,PUBLISHED_CE_UCC,,,,,-4
005400,EXCLUDED,NOT_DIRECT_CONCORDANCE_UCC,PUBLISHED_CE_UCC,,,,,4
005410,EXCLUDED,NOT_DIRECT_CONCORDANCE_UCC,PUBLISHED_CE_UCC,,,,,-4
005420,EXCLUDED,NOT_DIRECT_CONCORDANCE_UCC,PUBLISHED_CE_UCC,,,,,4
005500,EXCLUDED,NOT_DIRECT_CONCORDANCE_UCC,PUBLISHED_CE_UCC,,,,,4
005510,EXCLUDED,NOT_DIRECT_CONCORDANCE_UCC,PUBLISHED_CE_UCC,,,,,-4
005520,EXCLUDED,NOT_DIRECT_CONCORDANCE_UCC,PUBLISHED_CE_UCC,,,,,4
005600,EXCLUDED,NOT_DIRECT_CONCORDANCE_UCC,PUBLISHED_CE_UCC,,,,,4
005610,EXCLUDED,NOT_DIRECT_CONCORDANCE_UCC,PUBLISHED_CE_UCC,,,,,-4
005620,EXCLUDED,NOT_DIRECT_CONCORDANCE_UCC,PUBLISHED_CE_UCC,,,,,4
005700,EXCLUDED,NOT_DIRECT_CONCORDANCE_UCC,PUBLISHED_CE_UCC,,,,,4
005710,EXCLUDED,NOT_DIRECT_CONCORDANCE_UCC,PUBLISHED_CE_UCC,,,,,-4
005800,EXCLUDED,NOT_DIRECT_CONCORDANCE_UCC,PUBLISHED_CE_UCC,,,,,4
005810,EXCLUDED,NOT_DIRECT_CONCORDANCE_UCC,PUBLISHED_CE_UCC,,,,,-4
006003,EXCLUDED,NOT_DIRECT_CONCORDANCE_UCC,PUBLISHED_CE_UCC,,,,,
006004,EXCLUDED,NOT_DIRECT_CONCORDANCE_UCC,PUBLISHED_CE_UCC,,,,,
006005,EXCLUDED,NOT_DIRECT_CONCORDANCE_UCC,PUBLISHED_CE_UCC,,,,,
006006,EXCLUDED,NOT_DIRECT_CONCORDANCE_UCC,PUBLISHED_CE_UCC,,,,,
006007,EXCLUDED,NOT_DIRECT_CONCORDANCE_UCC,PUBLISHED_CE_UCC,,,,,
006008,EXCLUDED,NOT_DIRECT_CONCORDANCE_UCC,PUBLISHED_CE_UCC,,,,,
010110,EXCLUDED,NOT_DIRECT_CONCORDANCE_UCC,PUBLISHED_CE_UCC,,,,,
010119,EXCLUDED,CE_SOURCE_NOT_INTERVIEW,DIRECT_CONCORDANCE_UCC,D,FOOD,31.0,,
010120,EXCLUDED,NOT_DIRECT_CONCORDANCE_UCC,PUBLISHED_CE_UCC,,,,,
010210,EXCLUDED,CE_SOURCE_NOT_INTERVIEW,DIRECT_CONCORDANCE_UCC,D,FOOD,101.0,,
010310,EXCLUDED,CE_SOURCE_NOT_INTERVIEW,DIRECT_CONCORDANCE_UCC,D,FOOD,47.0,,
010320,EXCLUDED,CE_SOURCE_NOT_INTERVIEW,DIRECT_CONCORDANCE_UCC,D,FOOD,61.0,,
020110,EXCLUDED,NOT_DIRECT_CONCORDANCE_UCC,PUBLISHED_CE_UCC,,,,,
020210,EXCLUDED,NOT_DIRECT_CONCORDANCE_UCC,PUBLISHED_CE_UCC,,,,,
020219,EXCLUDED,CE_SOURCE_NOT_INTERVIEW,DIRECT_CONCORDANCE_UCC,D,FOOD,132.0,,
020310,EXCLUDED,CE_SOURCE_NOT_INTERVIEW,DIRECT_CONCORDANCE_UCC,D,FOOD,88.0,,
020410,EXCLUDED,CE_SOURCE_NOT_INTERVIEW,DIRECT_CONCORDANCE_UCC,D,FOOD,64.0,,
020510,EXCLUDED,CE_SOURCE_NOT_INTERVIEW,DIRECT_CONCORDANCE_UCC,D,FOOD,89.0,,
020610,EXCLUDED,CE_SOURCE_NOT_INTERVIEW,DIRECT_CONCORDANCE_UCC,D,FOOD,53.0,,
020620,EXCLUDED,CE_SOURCE_NOT_INTERVIEW,DIRECT_CONCORDANCE_UCC,D,FOOD,8.0,,
020710,EXCLUDED,CE_SOURCE_NOT_INTERVIEW,DIRECT_CONCORDANCE_UCC,D,FOOD,38.0,,
020810,EXCLUDED,CE_SOURCE_NOT_INTERVIEW,DIRECT_CONCORDANCE_UCC,D,FOOD,46.0,,
020820,EXCLUDED,CE_SOURCE_NOT_INTERVIEW,DIRECT_CONCORDANCE_UCC,D,FOOD,21.0,,
030110,EXCLUDED,CE_SOURCE_NOT_INTERVIEW,DIRECT_CONCORDANCE_UCC,D,FOOD,153.0,,
030210,EXCLUDED,NOT_DIRECT_CONCORDANCE_UCC,PUBLISHED_CE_UCC,,,,,
030219,EXCLUDED,CE_SOURCE_NOT_INTERVIEW,DIRECT_CONCORDANCE_UCC,D,FOOD,56.0,,
030310,EXCLUDED,NOT_DIRECT_CONCORDANCE_UCC,PUBLISHED_CE_UCC,,,,,
030410,EXCLUDED,NOT_DIRECT_CONCORDANCE_UCC,PUBLISHED_CE_UCC,,,,,
030510,EXCLUDED,NOT_DIRECT_CONCORDANCE_UCC,PUBLISHED_CE_UCC,,,,,
030519,EXCLUDED,CE_SOURCE_NOT_INTERVIEW,DIRECT_CONCORDANCE_UCC,D,FOOD,151.0,,
030610,EXCLUDED,NOT_DIRECT_CONCORDANCE_UCC,PUBLISHED_CE_UCC,,,,,
030710,EXCLUDED,NOT_DIRECT_CONCORDANCE_UCC,PUBLISHED_CE_UCC,,,,,
030810,EXCLUDED,CE_SOURCE_NOT_INTERVIEW,DIRECT_CONCORDANCE_UCC,D,FOOD,48.0,,
040110,EXCLUDED,NOT_DIRECT_CONCORDANCE_UCC,PUBLISHED_CE_UCC,,,,,
040119,EXCLUDED,CE_SOURCE_NOT_INTERVIEW,DIRECT_CONCORDANCE_UCC,D,FOOD,101.0,,
040210,EXCLUDED,CE_SOURCE_NOT_INTERVIEW,DIRECT_CONCORDANCE_UCC,D,FOOD,35.0,,
040310,EXCLUDED,NOT_DIRECT_CONCORDANCE_UCC,PUBLISHED_CE_UCC,,,,,
040319,EXCLUDED,CE_SOURCE_NOT_INTERVIEW,DIRECT_CONCORDANCE_UCC,D,FOOD,52.0,,
040410,EXCLUDED,CE_SOURCE_NOT_INTERVIEW,DIRECT_CONCORDANCE_UCC,D,FOOD,72.0,,
040510,EXCLUDED,NOT_DIRECT_CONCORDANCE_UCC,PUBLISHED_CE_UCC,,,,,
040610,EXCLUDED,NOT_DIRECT_CONCORDANCE_UCC,PUBLISHED_CE_UCC,,,,,
050110,EXCLUDED,CE_SOURCE_NOT_INTERVIEW,DIRECT_CONCORDANCE_UCC,D,FOOD,25.0,,
050210,EXCLUDED,NOT_DIRECT_CONCORDANCE_UCC,PUBLISHED_CE_UCC,,,,,
050310,EXCLUDED,NOT_DIRECT_CONCORDANCE_UCC,PUBLISHED_CE_UCC,,,,,
050319,EXCLUDED,CE_SOURCE_NOT_INTERVIEW,DIRECT_CONCORDANCE_UCC,D,FOOD,104.0,,
050410,EXCLUDED,NOT_DIRECT_CONCORDANCE_UCC,PUBLISHED_CE_UCC,,,,,
050419,EXCLUDED,CE_SOURCE_NOT_INTERVIEW,DIRECT_CONCORDANCE_UCC,D,FOOD,21.0,,
050900,EXCLUDED,NOT_DIRECT_CONCORDANCE_UCC,PUBLISHED_CE_UCC,,,,,
060110,EXCLUDED,NOT_DIRECT_CONCORDANCE_UCC,PUBLISHED_CE_UCC,,,,,
060119,EXCLUDED,CE_SOURCE_NOT_INTERVIEW,DIRECT_CONCORDANCE_UCC,D,FOOD,214.0,,
060210,EXCLUDED,NOT_DIRECT_CONCORDANCE_UCC,PUBLISHED_CE_UCC,,,,,
060310,EXCLUDED,CE_SOURCE_NOT_INTERVIEW,DIRECT_CONCORDANCE_UCC,D,FOOD,54.0,,
070110,EXCLUDED,NOT_DIRECT_CONCORDANCE_UCC,PUBLISHED_CE_UCC,,,,,
070119,EXCLUDED,CE_SOURCE_NOT_INTERVIEW,DIRECT_CONCORDANCE_UCC,D,FOOD,106.0,,
070230,EXCLUDED,CE_SOURCE_NOT_INTERVIEW,DIRECT_CONCORDANCE_UCC,D,FOOD,118.0,,
070240,EXCLUDED,NOT_DIRECT_CONCORDANCE_UCC,PUBLISHED_CE_UCC,,,,,
080110,EXCLUDED,CE_SOURCE_NOT_INTERVIEW,DIRECT_CONCORDANCE_UCC,D,FOOD,105.0,,
090110,EXCLUDED,CE_SOURCE_NOT_INTERVIEW,DIRECT_CONCORDANCE_UCC,D,FOOD,141.0,,
090210,EXCLUDED,NOT_DIRECT_CONCORDANCE_UCC,PUBLISHED_CE_UCC,,,,,
100110,EXCLUDED,NOT_DIRECT_CONCORDANCE_UCC,PUBLISHED_CE_UCC,,,,,
100119,EXCLUDED,CE_SOURCE_NOT_INTERVIEW,DIRECT_CONCORDANCE_UCC,D,FOOD,53.0,,
100210,EXCLUDED,CE_SOURCE_NOT_INTERVIEW,DIRECT_CONCORDANCE_UCC,D,FOOD,201.0,,
100410,EXCLUDED,CE_SOURCE_NOT_INTERVIEW,DIRECT_CONCORDANCE_UCC,D,FOOD,87.0,,
100510,EXCLUDED,NOT_DIRECT_CONCORDANCE_UCC,PUBLISHED_CE_UCC,,,,,
100519,EXCLUDED,CE_SOURCE_NOT_INTERVIEW,DIRECT_CONCORDANCE_UCC,D,FOOD,149.0,,
110110,EXCLUDED,CE_SOURCE_NOT_INTERVIEW,DIRECT_CONCORDANCE_UCC,D,FOOD,53.0,,
110210,EXCLUDED,CE_SOURCE_NOT_INTERVIEW,DIRECT_CONCORDANCE_UCC,D,FOOD,43.0,,
110310,EXCLUDED,NOT_DIRECT_CONCORDANCE_UCC,PUBLISHED_CE_UCC,,,,,
110319,EXCLUDED,CE_SOURCE_NOT_INTERVIEW,DIRECT_CONCORDANCE_UCC,D,FOOD,59.0,,
110410,EXCLUDED,CE_SOURCE_NOT_INTERVIEW,DIRECT_CONCORDANCE_UCC,D,FOOD,240.0,,
110510,EXCLUDED,NOT_DIRECT_CONCORDANCE_UCC,PUBLISHED_CE_UCC,,,,,
120110,EXCLUDED,CE_SOURCE_NOT_INTERVIEW,DIRECT_CONCORDANCE_UCC,D,FOOD,52.0,,
120210,EXCLUDED,CE_SOURCE_NOT_INTERVIEW,DIRECT_CONCORDANCE_UCC,D,FOOD,31.0,,
120310,EXCLUDED,CE_SOURCE_NOT_INTERVIEW,DIRECT_CONCORDANCE_UCC,D,FOOD,48.0,,
120410,EXCLUDED,CE_SOURCE_NOT_INTERVIEW,DIRECT_CONCORDANCE_UCC,D,FOOD,224.0,,
130110,EXCLUDED,NOT_DIRECT_CONCORDANCE_UCC,PUBLISHED_CE_UCC,,,,,
130119,EXCLUDED,CE_SOURCE_NOT_INTERVIEW,DIRECT_CONCORDANCE_UCC,D,FOOD,3.0,,
130121,EXCLUDED,NOT_DIRECT_CONCORDANCE_UCC,PUBLISHED_CE_UCC,,,,,
130122,EXCLUDED,NOT_DIRECT_CONCORDANCE_UCC,PUBLISHED_CE_UCC,,,,,
130129,EXCLUDED,CE_SOURCE_NOT_INTERVIEW,DIRECT_CONCORDANCE_UCC,D,FOOD,65.0,,
130211,EXCLUDED,NOT_DIRECT_CONCORDANCE_UCC,PUBLISHED_CE_UCC,,,,,
130212,EXCLUDED,NOT_DIRECT_CONCORDANCE_UCC,PUBLISHED_CE_UCC,,,,,
130310,EXCLUDED,NOT_DIRECT_CONCORDANCE_UCC,PUBLISHED_CE_UCC,,,,,
130320,EXCLUDED,NOT_DIRECT_CONCORDANCE_UCC,PUBLISHED_CE_UCC,,,,,
140110,EXCLUDED,NOT_DIRECT_CONCORDANCE_UCC,PUBLISHED_CE_UCC,,,,,
140210,EXCLUDED,NOT_DIRECT_CONCORDANCE_UCC,PUBLISHED_CE_UCC,,,,,
140219,EXCLUDED,CE_SOURCE_NOT_INTERVIEW,DIRECT_CONCORDANCE_UCC,D,FOOD,73.0,,
140220,EXCLUDED,NOT_DIRECT_CONCORDANCE_UCC,PUBLISHED_CE_UCC,,,,,
140230,EXCLUDED,NOT_DIRECT_CONCORDANCE_UCC,PUBLISHED_CE_UCC,,,,,
140310,EXCLUDED,NOT_DIRECT_CONCORDANCE_UCC,PUBLISHED_CE_UCC,,,,,
140320,EXCLUDED,NOT_DIRECT_CONCORDANCE_UCC,PUBLISHED_CE_UCC,,,,,
140330,EXCLUDED,NOT_DIRECT_CONCORDANCE_UCC,PUBLISHED_CE_UCC,,,,,
140340,EXCLUDED,NOT_DIRECT_CONCORDANCE_UCC,PUBLISHED_CE_UCC,,,,,
140349,EXCLUDED,CE_SOURCE_NOT_INTERVIEW,DIRECT_CONCORDANCE_UCC,D,FOOD,62.0,,
140410,EXCLUDED,NOT_DIRECT_CONCORDANCE_UCC,PUBLISHED_CE_UCC,,,,,
140420,EXCLUDED,NOT_DIRECT_CONCORDANCE_UCC,PUBLISHED_CE_UCC,,,,,
150110,EXCLUDED,CE_SOURCE_NOT_INTERVIEW,DIRECT_CONCORDANCE_UCC,D,FOOD,162.0,,
150211,EXCLUDED,NOT_DIRECT_CONCORDANCE_UCC,PUBLISHED_CE_UCC,,,,,
150212,EXCLUDED,NOT_DIRECT_CONCORDANCE_UCC,PUBLISHED_CE_UCC,,,,,
150219,EXCLUDED,CE_SOURCE_NOT_INTERVIEW,DIRECT_CONCORDANCE_UCC,D,FOOD,25.0,,
150310,EXCLUDED,CE_SOURCE_NOT_INTERVIEW,DIRECT_CONCORDANCE_UCC,D,FOOD,43.0,,
160110,EXCLUDED,NOT_DIRECT_CONCORDANCE_UCC,PUBLISHED_CE_UCC,,,,,
160211,EXCLUDED,CE_SOURCE_NOT_INTERVIEW,DIRECT_CONCORDANCE_UCC,D,FOOD,57.0,,
160212,EXCLUDED,CE_SOURCE_NOT_INTERVIEW,DIRECT_CONCORDANCE_UCC,D,FOOD,41.0,,
160310,EXCLUDED,NOT_DIRECT_CONCORDANCE_UCC,PUBLISHED_CE_UCC,,,,,
160320,EXCLUDED,CE_SOURCE_NOT_INTERVIEW,DIRECT_CONCORDANCE_UCC,D,FOOD,27.0,,
170110,EXCLUDED,CE_SOURCE_NOT_INTERVIEW,DIRECT_CONCORDANCE_UCC,D,FOOD,95.0,,
170210,EXCLUDED,CE_SOURCE_NOT_INTERVIEW,DIRECT_CONCORDANCE_UCC,D,FOOD,152.0,,
170310,EXCLUDED,NOT_DIRECT_CONCORDANCE_UCC,PUBLISHED_CE_UCC,,,,,
170319,EXCLUDED,CE_SOURCE_NOT_INTERVIEW,DIRECT_CONCORDANCE_UCC,D,FOOD,137.0,,
170410,EXCLUDED,NOT_DIRECT_CONCORDANCE_UCC,PUBLISHED_CE_UCC,,,,,
170510,EXCLUDED,NOT_DIRECT_CONCORDANCE_UCC,PUBLISHED_CE_UCC,,,,,
170520,EXCLUDED,CE_SOURCE_NOT_INTERVIEW,DIRECT_CONCORDANCE_UCC,D,FOOD,51.0,,
170531,EXCLUDED,CE_SOURCE_NOT_INTERVIEW,DIRECT_CONCORDANCE_UCC,D,FOOD,21.0,,
170532,EXCLUDED,NOT_DIRECT_CONCORDANCE_UCC,PUBLISHED_CE_UCC,,,,,
170533,EXCLUDED,NOT_DIRECT_CONCORDANCE_UCC,PUBLISHED_CE_UCC,,,,,
170539,EXCLUDED,CE_SOURCE_NOT_INTERVIEW,DIRECT_CONCORDANCE_UCC,D,FOOD,257.0,,
180110,EXCLUDED,CE_SOURCE_NOT_INTERVIEW,DIRECT_CONCORDANCE_UCC,D,FOOD,65.0,,
180210,EXCLUDED,CE_SOURCE_NOT_INTERVIEW,DIRECT_CONCORDANCE_UCC,D,FOOD,67.0,,
180220,EXCLUDED,CE_SOURCE_NOT_INTERVIEW,DIRECT_CONCORDANCE_UCC,D,FOOD,163.0,,
180310,EXCLUDED,CE_SOURCE_NOT_INTERVIEW,DIRECT_CONCORDANCE_UCC,D,FOOD,214.0,,
180320,EXCLUDED,CE_SOURCE_NOT_INTERVIEW,DIRECT_CONCORDANCE_UCC,D,FOOD,67.0,,
180410,EXCLUDED,CE_SOURCE_NOT_INTERVIEW,DIRECT_CONCORDANCE_UCC,D,FOOD,75.0,,
180420,EXCLUDED,CE_SOURCE_NOT_INTERVIEW,DIRECT_CONCORDANCE_UCC,D,FOOD,22.0,,
180510,EXCLUDED,CE_SOURCE_NOT_INTERVIEW,DIRECT_CONCORDANCE_UCC,D,FOOD,98.0,,
180520,EXCLUDED,CE_SOURCE_NOT_INTERVIEW,DIRECT_CONCORDANCE_UCC,D,FOOD,44.0,,
180611,EXCLUDED,CE_SOURCE_NOT_INTERVIEW,DIRECT_CONCORDANCE_UCC,D,FOOD,75.0,,
180612,EXCLUDED,CE_SOURCE_NOT_INTERVIEW,DIRECT_CONCORDANCE_UCC,D,FOOD,17.0,,
180620,EXCLUDED,CE_SOURCE_NOT_INTERVIEW,DIRECT_CONCORDANCE_UCC,D,FOOD,40.0,,
180710,EXCLUDED,CE_SOURCE_NOT_INTERVIEW,DIRECT_CONCORDANCE_UCC,D,FOOD,336.0,,
180720,EXCLUDED,NOT_DIRECT_CONCORDANCE_UCC,PUBLISHED_CE_UCC,,,,,
190111,EXCLUDED,NOT_DIRECT_CONCORDANCE_UCC,PUBLISHED_CE_UCC,,,,,
190112,EXCLUDED,NOT_DIRECT_CONCORDANCE_UCC,PUBLISHED_CE_UCC,,,,,
190113,EXCLUDED,NOT_DIRECT_CONCORDANCE_UCC,PUBLISHED_CE_UCC,,,,,
190114,EXCLUDED,NOT_DIRECT_CONCORDANCE_UCC,PUBLISHED_CE_UCC,,,,,
190211,EXCLUDED,NOT_DIRECT_CONCORDANCE_UCC,PUBLISHED_CE_UCC,,,,,
190212,EXCLUDED,NOT_DIRECT_CONCORDANCE_UCC,PUBLISHED_CE_UCC,,,,,
190213,EXCLUDED,NOT_DIRECT_CONCORDANCE_UCC,PUBLISHED_CE_UCC,,,,,
190214,EXCLUDED,NOT_DIRECT_CONCORDANCE_UCC,PUBLISHED_CE_UCC,,,,,
190311,EXCLUDED,NOT_DIRECT_CONCORDANCE_UCC,PUBLISHED_CE_UCC,,,,,
190312,EXCLUDED,NOT_DIRECT_CONCORDANCE_UCC,PUBLISHED_CE_UCC,,,,,
190313,EXCLUDED,NOT_DIRECT_CONCORDANCE_UCC,PUBLISHED_CE_UCC,,,,,
190314,EXCLUDED,NOT_DIRECT_CONCORDANCE_UCC,PUBLISHED_CE_UCC,,,,,
190321,EXCLUDED,NOT_DIRECT_CONCORDANCE_UCC,PUBLISHED_CE_UCC,,,,,
190322,EXCLUDED,NOT_DIRECT_CONCORDANCE_UCC,PUBLISHED_CE_UCC,,,,,
190323,EXCLUDED,NOT_DIRECT_CONCORDANCE_UCC,PUBLISHED_CE_UCC,,,,,
190324,EXCLUDED,NOT_DIRECT_CONCORDANCE_UCC,PUBLISHED_CE_UCC,,,,,
190400,EXCLUDED,CE_SOURCE_NOT_INTERVIEW,DIRECT_CONCORDANCE_UCC,D,FOOD,1731.0,,
190500,EXCLUDED,CE_SOURCE_NOT_INTERVIEW,DIRECT_CONCORDANCE_UCC,D,FOOD,1522.0,,
190600,EXCLUDED,CE_SOURCE_NOT_INTERVIEW,DIRECT_CONCORDANCE_UCC,D,FOOD,36.0,,
190700,EXCLUDED,CE_SOURCE_NOT_INTERVIEW,DIRECT_CONCORDANCE_UCC,D,FOOD,44.0,,
190901,EXCLUDED,NOT_DIRECT_CONCORDANCE_UCC,PUBLISHED_CE_UCC,,,,,
190902,EXCLUDED,INTERVIEW_STUB_SECTION_NOT_EXPEND,DIRECT_CONCORDANCE_UCC,I,FOOD,48.0,,1
190903,EXCLUDED,NOT_DIRECT_CONCORDANCE_UCC,PUBLISHED_CE_UCC,,,479.0,,1
190904,EXCLUDED,NOT_DIRECT_CONCORDANCE_UCC,PUBLISHED_CE_UCC,,,94.0,,1
190905,EXCLUDED,INTERVIEW_STUB_SECTION_NOT_EXPEND,DIRECT_CONCORDANCE_UCC,I,FOOD,40.0,,1
200111,EXCLUDED,NOT_DIRECT_CONCORDANCE_UCC,PUBLISHED_CE_UCC,,,,,
200112,EXCLUDED,NOT_DIRECT_CONCORDANCE_UCC,PUBLISHED_CE_UCC,,,,,
200119,EXCLUDED,CE_SOURCE_NOT_INTERVIEW,DIRECT_CONCORDANCE_UCC,D,ALCOHOLIC_BEVERAGES,90.0,,
200210,EXCLUDED,NOT_DIRECT_CONCORDANCE_UCC,PUBLISHED_CE_UCC,,,,,
200219,EXCLUDED,CE_SOURCE_NOT_INTERVIEW,DIRECT_CONCORDANCE_UCC,D,ALCOHOLIC_BEVERAGES,61.0,,
200310,EXCLUDED,CE_SOURCE_NOT_INTERVIEW,DIRECT_CONCORDANCE_UCC,D,ALCOHOLIC_BEVERAGES,117.0,,
200410,EXCLUDED,NOT_DIRECT_CONCORDANCE_UCC,PUBLISHED_CE_UCC,,,,,
200511,EXCLUDED,NOT_DIRECT_CONCORDANCE_UCC,PUBLISHED_CE_UCC,,,,,
200512,EXCLUDED,NOT_DIRECT_CONCORDANCE_UCC,PUBLISHED_CE_UCC,,,,,
200513,EXCLUDED,NOT_DIRECT_CONCORDANCE_UCC,PUBLISHED_CE_UCC,,,,,
200514,EXCLUDED,NOT_DIRECT_CONCORDANCE_UCC,PUBLISHED_CE_UCC,,,,,
200515,EXCLUDED,NOT_DIRECT_CONCORDANCE_UCC,PUBLISHED_CE_UCC,,,,,
200516,EXCLUDED,NOT_DIRECT_CONCORDANCE_UCC,PUBLISHED_CE_UCC,,,,,
200521,EXCLUDED,NOT_DIRECT_CONCORDANCE_UCC,PUBLISHED_CE_UCC,,,,,
200522,EXCLUDED,NOT_DIRECT_CONCORDANCE_UCC,PUBLISHED_CE_UCC,,,,,
200523,EXCLUDED,NOT_DIRECT_CONCORDANCE_UCC,PUBLISHED_CE_UCC,,,,,
200524,EXCLUDED,NOT_DIRECT_CONCORDANCE_UCC,PUBLISHED_CE_UCC,,,,,
200525,EXCLUDED,NOT_DIRECT_CONCORDANCE_UCC,PUBLISHED_CE_UCC,,,,,
200526,EXCLUDED,NOT_DIRECT_CONCORDANCE_UCC,PUBLISHED_CE_UCC,,,,,
200531,EXCLUDED,NOT_DIRECT_CONCORDANCE_UCC,PUBLISHED_CE_UCC,,,,,
200532,EXCLUDED,NOT_DIRECT_CONCORDANCE_UCC,PUBLISHED_CE_UCC,,,,,
200533,EXCLUDED,NOT_DIRECT_CONCORDANCE_UCC,PUBLISHED_CE_UCC,,,,,
200534,EXCLUDED,NOT_DIRECT_CONCORDANCE_UCC,PUBLISHED_CE_UCC,,,,,
200535,EXCLUDED,NOT_DIRECT_CONCORDANCE_UCC,PUBLISHED_CE_UCC,,,,,
200536,EXCLUDED,NOT_DIRECT_CONCORDANCE_UCC,PUBLISHED_CE_UCC,,,,,
200900,EXCLUDED,NOT_DIRECT_CONCORDANCE_UCC,PUBLISHED_CE_UCC,,,95.0,,1
210110,INCLUDED_IN_CONFIRMATION,,DIRECT_CONCORDANCE_UCC,I,SHELTER,5450.0,LARGE,1
210210,INCLUDED_IN_CONFIRMATION,,DIRECT_CONCORDANCE_UCC,I,SHELTER,906.0,LARGE,1
210310,INCLUDED_IN_CONFIRMATION,,DIRECT_CONCORDANCE_UCC,I,SHELTER,160.0,LARGE,1
210901,EXCLUDED,NOT_DIRECT_CONCORDANCE_UCC,PUBLISHED_CE_UCC,,,76.0,,1
210902,EXCLUDED,NOT_DIRECT_CONCORDANCE_UCC,PUBLISHED_CE_UCC,,,5.0,,1
220121,INCLUDED_IN_CONFIRMATION,,DIRECT_CONCORDANCE_UCC,I,SHELTER,737.0,LARGE,1
220122,EXCLUDED,NOT_DIRECT_CONCORDANCE_UCC,PUBLISHED_CE_UCC,,,14.0,,1
220211,EXCLUDED,NOT_DIRECT_CONCORDANCE_UCC,PUBLISHED_CE_UCC,,,2738.0,,1
220212,EXCLUDED,NOT_DIRECT_CONCORDANCE_UCC,PUBLISHED_CE_UCC,,,116.0,,1
220311,EXCLUDED,NOT_DIRECT_CONCORDANCE_UCC,PUBLISHED_CE_UCC,,,3470.0,,1
220312,EXCLUDED,NOT_DIRECT_CONCORDANCE_UCC,PUBLISHED_CE_UCC,,,71.0,,1
220313,EXCLUDED,NOT_DIRECT_CONCORDANCE_UCC,PUBLISHED_CE_UCC,,,45.0,,1
220314,EXCLUDED,NOT_DIRECT_CONCORDANCE_UCC,PUBLISHED_CE_UCC,,,,,1
220512,EXCLUDED,NOT_DIRECT_CONCORDANCE_UCC,PUBLISHED_CE_UCC,,,,,1
220513,EXCLUDED,NOT_DIRECT_CONCORDANCE_UCC,PUBLISHED_CE_UCC,,,,,1
220611,EXCLUDED,NOT_DIRECT_CONCORDANCE_UCC,PUBLISHED_CE_UCC,,,,,1
220612,EXCLUDED,NOT_DIRECT_CONCORDANCE_UCC,PUBLISHED_CE_UCC,,,,,1
220615,EXCLUDED,NOT_DIRECT_CONCORDANCE_UCC,PUBLISHED_CE_UCC,,,,,1
220616,EXCLUDED,NOT_DIRECT_CONCORDANCE_UCC,PUBLISHED_CE_UCC,,,,,
220901,EXCLUDED,NOT_DIRECT_CONCORDANCE_UCC,PUBLISHED_CE_UCC,,,17.0,,1
220902,EXCLUDED,NOT_DIRECT_CONCORDANCE_UCC,PUBLISHED_CE_UCC,,,3.0,,1
230112,EXCLUDED,IN_DEVELOPMENT_ROSTER,DIRECT_CONCORDANCE_UCC,I,HOUSEHOLD_FURNISHINGS_OPERATIONS,126.0,LARGE,1
230113,EXCLUDED,NOT_DIRECT_CONCORDANCE_UCC,PUBLISHED_CE_UCC,,,181.0,,1
230114,EXCLUDED,NOT_DIRECT_CONCORDANCE_UCC,PUBLISHED_CE_UCC,,,449.0,,1
230115,EXCLUDED,NOT_DIRECT_CONCORDANCE_UCC,PUBLISHED_CE_UCC,,,375.0,,1
230117,EXCLUDED,BLANK_PUBLISHED_MEAN,DIRECT_CONCORDANCE_UCC,I,HOUSEHOLD_FURNISHINGS_OPERATIONS,1.0,,1
230118,INCLUDED_IN_CONFIRMATION,,DIRECT_CONCORDANCE_UCC,I,HOUSEHOLD_FURNISHINGS_OPERATIONS,33.0,MEDIUM,1
230121,EXCLUDED,NOT_DIRECT_CONCORDANCE_UCC,PUBLISHED_CE_UCC,,,,,
230122,EXCLUDED,NOT_DIRECT_CONCORDANCE_UCC,PUBLISHED_CE_UCC,,,,,
230123,EXCLUDED,NOT_DIRECT_CONCORDANCE_UCC,PUBLISHED_CE_UCC,,,,,
230133,EXCLUDED,NOT_DIRECT_CONCORDANCE_UCC,PUBLISHED_CE_UCC,,,,,
230134,EXCLUDED,NOT_DIRECT_CONCORDANCE_UCC,PUBLISHED_CE_UCC,,,,,
230141,EXCLUDED,BLANK_PUBLISHED_MEAN,DIRECT_CONCORDANCE_UCC,I,HOUSEHOLD_FURNISHINGS_OPERATIONS,,,1
230142,EXCLUDED,CE_SOURCE_NOT_INTERVIEW,DIRECT_CONCORDANCE_UCC,D,HOUSEHOLD_FURNISHINGS_OPERATIONS,,,1
230143,EXCLUDED,NOT_DIRECT_CONCORDANCE_UCC,PUBLISHED_CE_UCC,,,21.0,,1
230144,EXCLUDED,NOT_DIRECT_CONCORDANCE_UCC,PUBLISHED_CE_UCC,,,1.0,,1
230150,INCLUDED_IN_CONFIRMATION,,DIRECT_CONCORDANCE_UCC,I,HOUSEHOLD_FURNISHINGS_OPERATIONS,56.0,MEDIUM,1
230151,EXCLUDED,NOT_DIRECT_CONCORDANCE_UCC,PUBLISHED_CE_UCC,,,462.0,,1
230152,EXCLUDED,NOT_DIRECT_CONCORDANCE_UCC,PUBLISHED_CE_UCC,,,53.0,,1
230901,EXCLUDED,NOT_DIRECT_CONCORDANCE_UCC,PUBLISHED_CE_UCC,,,130.0,,1
230902,EXCLUDED,NOT_DIRECT_CONCORDANCE_UCC,PUBLISHED_CE_UCC,,,12.0,,1
240111,INCLUDED_IN_CONFIRMATION,,DIRECT_CONCORDANCE_UCC,I,HOUSEHOLD_FURNISHINGS_OPERATIONS,5.0,SMALL,1
240112,INCLUDED_IN_CONFIRMATION,,DIRECT_CONCORDANCE_UCC,I,HOUSEHOLD_FURNISHINGS_OPERATIONS,39.0,MEDIUM,1
240113,EXCLUDED,NOT_DIRECT_CONCORDANCE_UCC,PUBLISHED_CE_UCC,,,1.0,,1
240121,EXCLUDED,BLANK_PUBLISHED_MEAN,DIRECT_CONCORDANCE_UCC,I,HOUSEHOLD_FURNISHINGS_OPERATIONS,1.0,,1
240122,INCLUDED_IN_CONFIRMATION,,DIRECT_CONCORDANCE_UCC,I,HOUSEHOLD_FURNISHINGS_OPERATIONS,4.0,SMALL,1
240123,EXCLUDED,NOT_DIRECT_CONCORDANCE_UCC,PUBLISHED_CE_UCC,,,,,1
240211,EXCLUDED,BLANK_PUBLISHED_MEAN,DIRECT_CONCORDANCE_UCC,I,HOUSEHOLD_FURNISHINGS_OPERATIONS,1.0,,1
240212,INCLUDED_IN_CONFIRMATION,,DIRECT_CONCORDANCE_UCC,I,HOUSEHOLD_FURNISHINGS_OPERATIONS,49.0,MEDIUM,1
240213,EXCLUDED,NOT_DIRECT_CONCORDANCE_UCC,PUBLISHED_CE_UCC,,,25.0,,1
240214,EXCLUDED,NOT_DIRECT_CONCORDANCE_UCC,PUBLISHED_CE_UCC,,,1.0,,1
240221,EXCLUDED,BLANK_PUBLISHED_MEAN,DIRECT_CONCORDANCE_UCC,I,HOUSEHOLD_FURNISHINGS_OPERATIONS,,,1
240222,INCLUDED_IN_CONFIRMATION,,DIRECT_CONCORDANCE_UCC,I,HOUSEHOLD_FURNISHINGS_OPERATIONS,4.0,SMALL,1
240223,EXCLUDED,NOT_DIRECT_CONCORDANCE_UCC,PUBLISHED_CE_UCC,,,,,1
240311,INCLUDED_IN_CONFIRMATION,,DIRECT_CONCORDANCE_UCC,I,HOUSEHOLD_FURNISHINGS_OPERATIONS,2.0,SMALL,1
240312,INCLUDED_IN_CONFIRMATION,,DIRECT_CONCORDANCE_UCC,I,HOUSEHOLD_FURNISHINGS_OPERATIONS,24.0,MEDIUM,1
240313,EXCLUDED,NOT_DIRECT_CONCORDANCE_UCC,PUBLISHED_CE_UCC,,,,,1
240321,EXCLUDED,BLANK_PUBLISHED_MEAN,DIRECT_CONCORDANCE_UCC,I,HOUSEHOLD_FURNISHINGS_OPERATIONS,,,1
240322,INCLUDED_IN_CONFIRMATION,,DIRECT_CONCORDANCE_UCC,I,HOUSEHOLD_FURNISHINGS_OPERATIONS,10.0,SMALL,1
240323,EXCLUDED,NOT_DIRECT_CONCORDANCE_UCC,PUBLISHED_CE_UCC,,,,,1
250111,EXCLUDED,BLANK_PUBLISHED_MEAN,DIRECT_CONCORDANCE_UCC,I,HOUSEHOLD_ENERGY,4.0,,1
250112,INCLUDED_IN_CONFIRMATION,,DIRECT_CONCORDANCE_UCC,I,HOUSEHOLD_ENERGY,58.0,MEDIUM,1
250113,EXCLUDED,BLANK_PUBLISHED_MEAN,DIRECT_CONCORDANCE_UCC,I,HOUSEHOLD_ENERGY,,,1
250114,EXCLUDED,BLANK_PUBLISHED_MEAN,DIRECT_CONCORDANCE_UCC,I,HOUSEHOLD_ENERGY,,,1
250211,INCLUDED_IN_CONFIRMATION,,DIRECT_CONCORDANCE_UCC,I,HOUSEHOLD_ENERGY,3.0,SMALL,1
250212,EXCLUDED,IN_DEVELOPMENT_ROSTER,DIRECT_CONCORDANCE_UCC,I,HOUSEHOLD_ENERGY,45.0,MEDIUM,1
250213,INCLUDED_IN_CONFIRMATION,,DIRECT_CONCORDANCE_UCC,I,HOUSEHOLD_ENERGY,5.0,SMALL,1
250214,EXCLUDED,BLANK_PUBLISHED_MEAN,DIRECT_CONCORDANCE_UCC,I,HOUSEHOLD_ENERGY,,,1
250911,EXCLUDED,BLANK_PUBLISHED_MEAN,DIRECT_CONCORDANCE_UCC,I,HOUSEHOLD_ENERGY,,,1
250912,INCLUDED_IN_CONFIRMATION,,DIRECT_CONCORDANCE_UCC,I,HOUSEHOLD_ENERGY,10.0,SMALL,1
250913,EXCLUDED,BLANK_PUBLISHED_MEAN,DIRECT_CONCORDANCE_UCC,I,HOUSEHOLD_ENERGY,,,1
250914,EXCLUDED,BLANK_PUBLISHED_MEAN,DIRECT_CONCORDANCE_UCC,I,HOUSEHOLD_ENERGY,,,1
260111,EXCLUDED,IN_DEVELOPMENT_ROSTER,DIRECT_CONCORDANCE_UCC,I,HOUSEHOLD_ENERGY,459.0,LARGE,1
260112,INCLUDED_IN_CONFIRMATION,,DIRECT_CONCORDANCE_UCC,I,HOUSEHOLD_ENERGY,1359.0,LARGE,1
260113,INCLUDED_IN_CONFIRMATION,,DIRECT_CONCORDANCE_UCC,I,HOUSEHOLD_ENERGY,12.0,MEDIUM,1
260114,EXCLUDED,IN_DEVELOPMENT_ROSTER,DIRECT_CONCORDANCE_UCC,I,HOUSEHOLD_ENERGY,4.0,SMALL,1
260211,INCLUDED_IN_CONFIRMATION,,DIRECT_CONCORDANCE_UCC,I,HOUSEHOLD_ENERGY,87.0,LARGE,1
260212,INCLUDED_IN_CONFIRMATION,,DIRECT_CONCORDANCE_UCC,I,HOUSEHOLD_ENERGY,401.0,LARGE,1
260213,INCLUDED_IN_CONFIRMATION,,DIRECT_CONCORDANCE_UCC,I,HOUSEHOLD_ENERGY,3.0,SMALL,1
260214,EXCLUDED,BLANK_PUBLISHED_MEAN,DIRECT_CONCORDANCE_UCC,I,HOUSEHOLD_ENERGY,1.0,,1
270101,EXCLUDED,NOT_DIRECT_CONCORDANCE_UCC,PUBLISHED_CE_UCC,,,,,
270102,INCLUDED_IN_CONFIRMATION,,DIRECT_CONCORDANCE_UCC,I,EDUCATION_COMMUNICATION,1359.0,LARGE,1
270104,EXCLUDED,NOT_DIRECT_CONCORDANCE_UCC,PUBLISHED_CE_UCC,,,,,1
270105,EXCLUDED,NOT_DIRECT_CONCORDANCE_UCC,PUBLISHED_CE_UCC,,,,,
270106,INCLUDED_IN_CONFIRMATION,,DIRECT_CONCORDANCE_UCC,I,EDUCATION_COMMUNICATION,100.0,LARGE,1
270211,INCLUDED_IN_CONFIRMATION,,DIRECT_CONCORDANCE_UCC,I,WATER_SEWER_TRASH,94.0,LARGE,1
270212,INCLUDED_IN_CONFIRMATION,,DIRECT_CONCORDANCE_UCC,I,WATER_SEWER_TRASH,462.0,LARGE,1
270213,INCLUDED_IN_CONFIRMATION,,DIRECT_CONCORDANCE_UCC,I,WATER_SEWER_TRASH,4.0,SMALL,1
270214,EXCLUDED,BLANK_PUBLISHED_MEAN,DIRECT_CONCORDANCE_UCC,I,WATER_SEWER_TRASH,1.0,,1
270310,EXCLUDED,INCOMPLETE_LB01_PUBLICATION,DIRECT_CONCORDANCE_UCC,I,RECREATION,,,1
270311,EXCLUDED,INCOMPLETE_LB01_PUBLICATION,DIRECT_CONCORDANCE_UCC,I,RECREATION,,,1
270411,EXCLUDED,IN_DEVELOPMENT_ROSTER,DIRECT_CONCORDANCE_UCC,I,WATER_SEWER_TRASH,25.0,MEDIUM,1
270412,EXCLUDED,IN_DEVELOPMENT_ROSTER,DIRECT_CONCORDANCE_UCC,I,WATER_SEWER_TRASH,225.0,LARGE,1
270413,EXCLUDED,IN_DEVELOPMENT_ROSTER,DIRECT_CONCORDANCE_UCC,I,WATER_SEWER_TRASH,8.0,SMALL,1
270414,EXCLUDED,BLANK_PUBLISHED_MEAN,DIRECT_CONCORDANCE_UCC,I,WATER_SEWER_TRASH,,,1
270901,EXCLUDED,BLANK_PUBLISHED_MEAN,DIRECT_CONCORDANCE_UCC,I,HOUSEHOLD_FURNISHINGS_OPERATIONS,,,1
270902,EXCLUDED,BLANK_PUBLISHED_MEAN,DIRECT_CONCORDANCE_UCC,I,HOUSEHOLD_FURNISHINGS_OPERATIONS,,,1
270903,EXCLUDED,NOT_DIRECT_CONCORDANCE_UCC,PUBLISHED_CE_UCC,,,,,1
270904,EXCLUDED,NOT_DIRECT_CONCORDANCE_UCC,PUBLISHED_CE_UCC,,,,,1
270905,EXCLUDED,NOT_DIRECT_CONCORDANCE_UCC,CONCORDANCE_ONLY_UCC,I,HOUSEHOLD_FURNISHINGS_OPERATIONS,,,
270906,EXCLUDED,NOT_DIRECT_CONCORDANCE_UCC,PUBLISHED_CE_UCC,,,,,1
270907,INCLUDED_IN_CONFIRMATION,,DIRECT_CONCORDANCE_UCC,I,HOUSEHOLD_FURNISHINGS_OPERATIONS,8.0,SMALL,1
280110,EXCLUDED,CE_SOURCE_NOT_INTERVIEW,DIRECT_CONCORDANCE_UCC,D,HOUSEHOLD_FURNISHINGS_OPERATIONS,25.0,,1
280120,EXCLUDED,CE_SOURCE_NOT_INTERVIEW,DIRECT_CONCORDANCE_UCC,D,HOUSEHOLD_FURNISHINGS_OPERATIONS,60.0,,1
280130,EXCLUDED,NOT_DIRECT_CONCORDANCE_UCC,PUBLISHED_CE_UCC,,,,,
280140,EXCLUDED,CE_SOURCE_NOT_INTERVIEW,DIRECT_CONCORDANCE_UCC,D,HOUSEHOLD_FURNISHINGS_OPERATIONS,6.0,,1
280210,INCLUDED_IN_CONFIRMATION,,DIRECT_CONCORDANCE_UCC,I,HOUSEHOLD_FURNISHINGS_OPERATIONS,10.0,SMALL,1
280220,EXCLUDED,IN_DEVELOPMENT_ROSTER,DIRECT_CONCORDANCE_UCC,I,HOUSEHOLD_FURNISHINGS_OPERATIONS,6.0,SMALL,1
280230,EXCLUDED,NOT_DIRECT_CONCORDANCE_UCC,PUBLISHED_CE_UCC,,,,,
280900,EXCLUDED,NOT_DIRECT_CONCORDANCE_UCC,PUBLISHED_CE_UCC,,,,,
290110,INCLUDED_IN_CONFIRMATION,,DIRECT_CONCORDANCE_UCC,I,HOUSEHOLD_FURNISHINGS_OPERATIONS,114.0,LARGE,1
290120,INCLUDED_IN_CONFIRMATION,,DIRECT_CONCORDANCE_UCC,I,HOUSEHOLD_FURNISHINGS_OPERATIONS,119.0,LARGE,1
290210,INCLUDED_IN_CONFIRMATION,,DIRECT_CONCORDANCE_UCC,I,HOUSEHOLD_FURNISHINGS_OPERATIONS,195.0,LARGE,1
290310,INCLUDED_IN_CONFIRMATION,,DIRECT_CONCORDANCE_UCC,I,HOUSEHOLD_FURNISHINGS_OPERATIONS,59.0,MEDIUM,1
290320,INCLUDED_IN_CONFIRMATION,,DIRECT_CONCORDANCE_UCC,I,HOUSEHOLD_FURNISHINGS_OPERATIONS,18.0,MEDIUM,1
290410,INCLUDED_IN_CONFIRMATION,,DIRECT_CONCORDANCE_UCC,I,HOUSEHOLD_FURNISHINGS_OPERATIONS,39.0,MEDIUM,1
290420,INCLUDED_IN_CONFIRMATION,,DIRECT_CONCORDANCE_UCC,I,HOUSEHOLD_FURNISHINGS_OPERATIONS,11.0,SMALL,1
290430,INCLUDED_IN_CONFIRMATION,,DIRECT_CONCORDANCE_UCC,I,HOUSEHOLD_FURNISHINGS_OPERATIONS,47.0,MEDIUM,1
290440,INCLUDED_IN_CONFIRMATION,,DIRECT_CONCORDANCE_UCC,I,HOUSEHOLD_FURNISHINGS_OPERATIONS,46.0,MEDIUM,1
300111,INCLUDED_IN_CONFIRMATION,,DIRECT_CONCORDANCE_UCC,I,HOUSEHOLD_FURNISHINGS_OPERATIONS,12.0,SMALL,1
300112,INCLUDED_IN_CONFIRMATION,,DIRECT_CONCORDANCE_UCC,I,HOUSEHOLD_FURNISHINGS_OPERATIONS,105.0,LARGE,1
300211,EXCLUDED,NOT_DIRECT_CONCORDANCE_UCC,PUBLISHED_CE_UCC,,,,,
300212,EXCLUDED,NOT_DIRECT_CONCORDANCE_UCC,PUBLISHED_CE_UCC,,,,,
300216,INCLUDED_IN_CONFIRMATION,,DIRECT_CONCORDANCE_UCC,I,HOUSEHOLD_FURNISHINGS_OPERATIONS,13.0,MEDIUM,1
300217,INCLUDED_IN_CONFIRMATION,,DIRECT_CONCORDANCE_UCC,I,HOUSEHOLD_FURNISHINGS_OPERATIONS,86.0,LARGE,1
300221,EXCLUDED,NOT_DIRECT_CONCORDANCE_UCC,PUBLISHED_CE_UCC,,,,,
300222,EXCLUDED,NOT_DIRECT_CONCORDANCE_UCC,PUBLISHED_CE_UCC,,,,,
300311,EXCLUDED,BLANK_PUBLISHED_MEAN,DIRECT_CONCORDANCE_UCC,I,HOUSEHOLD_FURNISHINGS_OPERATIONS,3.0,,1
300312,INCLUDED_IN_CONFIRMATION,,DIRECT_CONCORDANCE_UCC,I,HOUSEHOLD_FURNISHINGS_OPERATIONS,60.0,MEDIUM,1
300321,INCLUDED_IN_CONFIRMATION,,DIRECT_CONCORDANCE_UCC,I,HOUSEHOLD_FURNISHINGS_OPERATIONS,4.0,SMALL,1
300322,INCLUDED_IN_CONFIRMATION,,DIRECT_CONCORDANCE_UCC,I,HOUSEHOLD_FURNISHINGS_OPERATIONS,17.0,MEDIUM,1
300331,EXCLUDED,BLANK_PUBLISHED_MEAN,DIRECT_CONCORDANCE_UCC,I,HOUSEHOLD_FURNISHINGS_OPERATIONS,,,1
300332,EXCLUDED,BLANK_PUBLISHED_MEAN,DIRECT_CONCORDANCE_UCC,I,HOUSEHOLD_FURNISHINGS_OPERATIONS,,,1
300411,INCLUDED_IN_CONFIRMATION,,DIRECT_CONCORDANCE_UCC,I,HOUSEHOLD_FURNISHINGS_OPERATIONS,3.0,SMALL,1
300412,INCLUDED_IN_CONFIRMATION,,DIRECT_CONCORDANCE_UCC,I,HOUSEHOLD_FURNISHINGS_OPERATIONS,5.0,SMALL,1
300900,EXCLUDED,NOT_DIRECT_CONCORDANCE_UCC,PUBLISHED_CE_UCC,,,10.0,,
310140,EXCLUDED,INCOMPLETE_LB01_PUBLICATION,DIRECT_CONCORDANCE_UCC,I,RECREATION,,,1
310210,EXCLUDED,INCOMPLETE_LB01_PUBLICATION,DIRECT_CONCORDANCE_UCC,I,RECREATION,,,1
310220,EXCLUDED,CE_SOURCE_NOT_INTERVIEW,DIRECT_CONCORDANCE_UCC,D,RECREATION,,,1
310230,EXCLUDED,NOT_DIRECT_CONCORDANCE_UCC,PUBLISHED_CE_UCC,,,,,
310231,EXCLUDED,INCOMPLETE_LB01_PUBLICATION,DIRECT_CONCORDANCE_UCC,I,RECREATION,,,1
310232,EXCLUDED,INCOMPLETE_LB01_PUBLICATION,DIRECT_CONCORDANCE_UCC,I,RECREATION,,,1
310240,EXCLUDED,NOT_DIRECT_CONCORDANCE_UCC,PUBLISHED_CE_UCC,,,,,
310241,EXCLUDED,NOT_DIRECT_CONCORDANCE_UCC,CONCORDANCE_ONLY_UCC,D,RECREATION,,,
310242,EXCLUDED,NOT_DIRECT_CONCORDANCE_UCC,CONCORDANCE_ONLY_UCC,D,RECREATION,,,
310243,EXCLUDED,NOT_DIRECT_CONCORDANCE_UCC,PUBLISHED_CE_UCC,,,,,1
310311,EXCLUDED,NOT_DIRECT_CONCORDANCE_UCC,PUBLISHED_CE_UCC,,,,,
310312,EXCLUDED,CE_SOURCE_NOT_INTERVIEW,DIRECT_CONCORDANCE_UCC,D,RECREATION,,,
310313,EXCLUDED,NOT_DIRECT_CONCORDANCE_UCC,PUBLISHED_CE_UCC,,,,,
310314,EXCLUDED,INCOMPLETE_LB01_PUBLICATION,DIRECT_CONCORDANCE_UCC,I,RECREATION,,,1
310315,EXCLUDED,CE_SOURCE_NOT_INTERVIEW,DIRECT_CONCORDANCE_UCC,D,RECREATION,,,
310316,EXCLUDED,INCOMPLETE_LB01_PUBLICATION,DIRECT_CONCORDANCE_UCC,I,RECREATION,,,1
310320,EXCLUDED,NOT_DIRECT_CONCORDANCE_UCC,PUBLISHED_CE_UCC,,,,,
310331,EXCLUDED,CE_SOURCE_NOT_INTERVIEW,DIRECT_CONCORDANCE_UCC,D,RECREATION,,,
310332,EXCLUDED,CE_SOURCE_NOT_INTERVIEW,DIRECT_CONCORDANCE_UCC,D,RECREATION,,,
310334,EXCLUDED,INCOMPLETE_LB01_PUBLICATION,DIRECT_CONCORDANCE_UCC,I,RECREATION,,,1
310335,EXCLUDED,CE_SOURCE_NOT_INTERVIEW,DIRECT_CONCORDANCE_UCC,D,RECREATION,,,
310340,EXCLUDED,INCOMPLETE_LB01_PUBLICATION,DIRECT_CONCORDANCE_UCC,I,RECREATION,,,1
310350,EXCLUDED,INCOMPLETE_LB01_PUBLICATION,DIRECT_CONCORDANCE_UCC,I,RECREATION,,,1
310400,EXCLUDED,INCOMPLETE_LB01_PUBLICATION,DIRECT_CONCORDANCE_UCC,I,EDUCATION_COMMUNICATION,,,1
310900,EXCLUDED,NOT_DIRECT_CONCORDANCE_UCC,CONCORDANCE_ONLY_UCC,D,RECREATION,,,
320111,INCLUDED_IN_CONFIRMATION,,DIRECT_CONCORDANCE_UCC,I,HOUSEHOLD_FURNISHINGS_OPERATIONS,30.0,MEDIUM,1
320120,INCLUDED_IN_CONFIRMATION,,DIRECT_CONCORDANCE_UCC,I,HOUSEHOLD_FURNISHINGS_OPERATIONS,25.0,MEDIUM,1
320130,EXCLUDED,CE_SOURCE_NOT_INTERVIEW,DIRECT_CONCORDANCE_UCC,D,OTHER_GOODS_SERVICES,28.0,,1
320140,EXCLUDED,CE_SOURCE_NOT_INTERVIEW,DIRECT_CONCORDANCE_UCC,D,HOUSEHOLD_FURNISHINGS_OPERATIONS,22.0,,
320150,EXCLUDED,CE_SOURCE_NOT_INTERVIEW,DIRECT_CONCORDANCE_UCC,D,HOUSEHOLD_FURNISHINGS_OPERATIONS,23.0,,1
320163,EXCLUDED,NOT_DIRECT_CONCORDANCE_UCC,PUBLISHED_CE_UCC,,,,,
320220,EXCLUDED,NOT_DIRECT_CONCORDANCE_UCC,PUBLISHED_CE_UCC,,,,,
320221,EXCLUDED,CE_SOURCE_NOT_INTERVIEW,DIRECT_CONCORDANCE_UCC,D,HOUSEHOLD_FURNISHINGS_OPERATIONS,39.0,,1
320232,INCLUDED_IN_CONFIRMATION,,DIRECT_CONCORDANCE_UCC,I,EDUCATION_COMMUNICATION,113.0,LARGE,1
320233,EXCLUDED,CE_SOURCE_NOT_INTERVIEW,DIRECT_CONCORDANCE_UCC,D,HOUSEHOLD_FURNISHINGS_OPERATIONS,214.0,,1
320310,EXCLUDED,NOT_DIRECT_CONCORDANCE_UCC,PUBLISHED_CE_UCC,,,,,
320320,EXCLUDED,NOT_DIRECT_CONCORDANCE_UCC,PUBLISHED_CE_UCC,,,,,
320330,EXCLUDED,CE_SOURCE_NOT_INTERVIEW,DIRECT_CONCORDANCE_UCC,D,HOUSEHOLD_FURNISHINGS_OPERATIONS,10.0,,1
320340,EXCLUDED,NOT_DIRECT_CONCORDANCE_UCC,PUBLISHED_CE_UCC,,,,,
320345,EXCLUDED,CE_SOURCE_NOT_INTERVIEW,DIRECT_CONCORDANCE_UCC,D,HOUSEHOLD_FURNISHINGS_OPERATIONS,28.0,,1
320350,EXCLUDED,NOT_DIRECT_CONCORDANCE_UCC,PUBLISHED_CE_UCC,,,,,
320360,EXCLUDED,NOT_DIRECT_CONCORDANCE_UCC,PUBLISHED_CE_UCC,,,,,
320370,EXCLUDED,CE_SOURCE_NOT_INTERVIEW,DIRECT_CONCORDANCE_UCC,D,HOUSEHOLD_FURNISHINGS_OPERATIONS,32.0,,1
320380,EXCLUDED,CE_SOURCE_NOT_INTERVIEW,DIRECT_CONCORDANCE_UCC,D,HOUSEHOLD_FURNISHINGS_OPERATIONS,28.0,,
320410,EXCLUDED,CE_SOURCE_NOT_INTERVIEW,DIRECT_CONCORDANCE_UCC,D,HOUSEHOLD_FURNISHINGS_OPERATIONS,53.0,,1
320420,EXCLUDED,IN_DEVELOPMENT_ROSTER,DIRECT_CONCORDANCE_UCC,I,HOUSEHOLD_FURNISHINGS_OPERATIONS,35.0,MEDIUM,1
320430,EXCLUDED,CE_SOURCE_NOT_INTERVIEW,DIRECT_CONCORDANCE_UCC,D,HOUSEHOLD_FURNISHINGS_OPERATIONS,30.0,,
320511,INCLUDED_IN_CONFIRMATION,,DIRECT_CONCORDANCE_UCC,I,HOUSEHOLD_FURNISHINGS_OPERATIONS,27.0,MEDIUM,1
320512,INCLUDED_IN_CONFIRMATION,,DIRECT_CONCORDANCE_UCC,I,RECREATION,5.0,SMALL,1
320521,INCLUDED_IN_CONFIRMATION,,DIRECT_CONCORDANCE_UCC,I,HOUSEHOLD_FURNISHINGS_OPERATIONS,44.0,MEDIUM,1
320522,INCLUDED_IN_CONFIRMATION,,DIRECT_CONCORDANCE_UCC,I,HOUSEHOLD_FURNISHINGS_OPERATIONS,12.0,SMALL,1
320611,INCLUDED_IN_CONFIRMATION,,DIRECT_CONCORDANCE_UCC,I,HOUSEHOLD_FURNISHINGS_OPERATIONS,10.0,SMALL,1
320612,INCLUDED_IN_CONFIRMATION,,DIRECT_CONCORDANCE_UCC,I,HOUSEHOLD_FURNISHINGS_OPERATIONS,56.0,MEDIUM,1
320613,EXCLUDED,NOT_DIRECT_CONCORDANCE_UCC,PUBLISHED_CE_UCC,,,,,1
320621,EXCLUDED,NOT_DIRECT_CONCORDANCE_UCC,PUBLISHED_CE_UCC,,,,,
320622,EXCLUDED,NOT_DIRECT_CONCORDANCE_UCC,PUBLISHED_CE_UCC,,,,,
320623,EXCLUDED,NOT_DIRECT_CONCORDANCE_UCC,PUBLISHED_CE_UCC,,,,,
320624,INCLUDED_IN_CONFIRMATION,,DIRECT_CONCORDANCE_UCC,I,HOUSEHOLD_FURNISHINGS_OPERATIONS,11.0,SMALL,1
320625,INCLUDED_IN_CONFIRMATION,,DIRECT_CONCORDANCE_UCC,I,HOUSEHOLD_FURNISHINGS_OPERATIONS,129.0,LARGE,1
320626,EXCLUDED,NOT_DIRECT_CONCORDANCE_UCC,PUBLISHED_CE_UCC,,,1.0,,1
320631,INCLUDED_IN_CONFIRMATION,,DIRECT_CONCORDANCE_UCC,I,HOUSEHOLD_FURNISHINGS_OPERATIONS,3.0,SMALL,1
320632,EXCLUDED,BLANK_PUBLISHED_MEAN,DIRECT_CONCORDANCE_UCC,I,HOUSEHOLD_FURNISHINGS_OPERATIONS,,,1
320633,EXCLUDED,NOT_DIRECT_CONCORDANCE_UCC,PUBLISHED_CE_UCC,,,,,1
320901,INCLUDED_IN_CONFIRMATION,,DIRECT_CONCORDANCE_UCC,I,HOUSEHOLD_FURNISHINGS_OPERATIONS,15.0,MEDIUM,1
320902,EXCLUDED,CE_SOURCE_NOT_INTERVIEW,DIRECT_CONCORDANCE_UCC,D,HOUSEHOLD_FURNISHINGS_OPERATIONS,19.0,,1
320903,INCLUDED_IN_CONFIRMATION,,DIRECT_CONCORDANCE_UCC,I,HOUSEHOLD_FURNISHINGS_OPERATIONS,83.0,LARGE,1
320904,EXCLUDED,CE_SOURCE_NOT_INTERVIEW,DIRECT_CONCORDANCE_UCC,D,HOUSEHOLD_FURNISHINGS_OPERATIONS,25.0,,1
320905,EXCLUDED,CE_SOURCE_NOT_INTERVIEW,DIRECT_CONCORDANCE_UCC,D,HOUSEHOLD_FURNISHINGS_OPERATIONS,71.0,,
330110,EXCLUDED,NOT_DIRECT_CONCORDANCE_UCC,PUBLISHED_CE_UCC,,,,,
330119,EXCLUDED,CE_SOURCE_NOT_INTERVIEW,DIRECT_CONCORDANCE_UCC,D,HOUSEHOLD_FURNISHINGS_OPERATIONS,209.0,,
330210,EXCLUDED,NOT_DIRECT_CONCORDANCE_UCC,PUBLISHED_CE_UCC,,,,,
330310,EXCLUDED,CE_SOURCE_NOT_INTERVIEW,DIRECT_CONCORDANCE_UCC,D,HOUSEHOLD_FURNISHINGS_OPERATIONS,131.0,,
330410,EXCLUDED,CE_SOURCE_NOT_INTERVIEW,DIRECT_CONCORDANCE_UCC,D,OTHER_GOODS_SERVICES,86.0,,
330510,EXCLUDED,CE_SOURCE_NOT_INTERVIEW,DIRECT_CONCORDANCE_UCC,D,HOUSEHOLD_FURNISHINGS_OPERATIONS,277.0,,
330511,INCLUDED_IN_CONFIRMATION,,DIRECT_CONCORDANCE_UCC,I,HOUSEHOLD_FURNISHINGS_OPERATIONS,17.0,MEDIUM,1
330610,EXCLUDED,CE_SOURCE_NOT_INTERVIEW,DIRECT_CONCORDANCE_UCC,D,HOUSEHOLD_FURNISHINGS_OPERATIONS,129.0,,
340110,EXCLUDED,CE_SOURCE_NOT_INTERVIEW,DIRECT_CONCORDANCE_UCC,D,EDUCATION_COMMUNICATION,43.0,,
340120,EXCLUDED,CE_SOURCE_NOT_INTERVIEW,DIRECT_CONCORDANCE_UCC,D,EDUCATION_COMMUNICATION,2.0,,
340210,EXCLUDED,NOT_DIRECT_CONCORDANCE_UCC,PUBLISHED_CE_UCC,,,,,
340211,EXCLUDED,NOT_DIRECT_CONCORDANCE_UCC,PUBLISHED_CE_UCC,,,,,
340212,EXCLUDED,NOT_DIRECT_CONCORDANCE_UCC,PUBLISHED_CE_UCC,,,,,
340310,INCLUDED_IN_CONFIRMATION,,DIRECT_CONCORDANCE_UCC,I,HOUSEHOLD_FURNISHINGS_OPERATIONS,186.0,LARGE,1
340410,INCLUDED_IN_CONFIRMATION,,DIRECT_CONCORDANCE_UCC,I,HOUSEHOLD_FURNISHINGS_OPERATIONS,238.0,LARGE,1
340420,EXCLUDED,BLANK_PUBLISHED_MEAN,DIRECT_CONCORDANCE_UCC,I,HOUSEHOLD_FURNISHINGS_OPERATIONS,1.0,,1
340421,INCLUDED_IN_CONFIRMATION,,DIRECT_CONCORDANCE_UCC,I,HOUSEHOLD_FURNISHINGS_OPERATIONS,4.0,SMALL,1
340422,EXCLUDED,BLANK_PUBLISHED_MEAN,DIRECT_CONCORDANCE_UCC,I,HOUSEHOLD_FURNISHINGS_OPERATIONS,1.0,,1
340510,INCLUDED_IN_CONFIRMATION,,DIRECT_CONCORDANCE_UCC,I,HOUSEHOLD_FURNISHINGS_OPERATIONS,60.0,MEDIUM,1
340520,EXCLUDED,CE_SOURCE_NOT_INTERVIEW,DIRECT_CONCORDANCE_UCC,D,OTHER_GOODS_SERVICES,,,1
340530,EXCLUDED,CE_SOURCE_NOT_INTERVIEW,DIRECT_CONCORDANCE_UCC,D,OTHER_GOODS_SERVICES,,,1
340610,EXCLUDED,INCOMPLETE_LB01_PUBLICATION,DIRECT_CONCORDANCE_UCC,I,RECREATION,,,1
340620,EXCLUDED,CE_SOURCE_NOT_INTERVIEW,DIRECT_CONCORDANCE_UCC,D,HOUSEHOLD_FURNISHINGS_OPERATIONS,2.0,,1
340630,INCLUDED_IN_CONFIRMATION,,DIRECT_CONCORDANCE_UCC,I,HOUSEHOLD_FURNISHINGS_OPERATIONS,9.0,SMALL,1
340901,INCLUDED_IN_CONFIRMATION,,DIRECT_CONCORDANCE_UCC,I,HOUSEHOLD_FURNISHINGS_OPERATIONS,7.0,SMALL,1
340902,EXCLUDED,INCOMPLETE_LB01_PUBLICATION,DIRECT_CONCORDANCE_UCC,I,RECREATION,,,1
340903,INCLUDED_IN_CONFIRMATION,,DIRECT_CONCORDANCE_UCC,I,HOUSEHOLD_FURNISHINGS_OPERATIONS,26.0,MEDIUM,1
340904,INCLUDED_IN_CONFIRMATION,,DIRECT_CONCORDANCE_UCC,I,HOUSEHOLD_FURNISHINGS_OPERATIONS,4.0,SMALL,1
340905,EXCLUDED,INCOMPLETE_LB01_PUBLICATION,DIRECT_CONCORDANCE_UCC,I,RECREATION,,,1
340906,INCLUDED_IN_CONFIRMATION,,DIRECT_CONCORDANCE_UCC,I,MEDICAL_CARE,76.0,MEDIUM,1
340907,INCLUDED_IN_CONFIRMATION,,DIRECT_CONCORDANCE_UCC,I,HOUSEHOLD_FURNISHINGS_OPERATIONS,2.0,SMALL,1
340908,EXCLUDED,BLANK_PUBLISHED_MEAN,DIRECT_CONCORDANCE_UCC,I,EDUCATION_COMMUNICATION,1.0,,1
340910,EXCLUDED,BLANK_PUBLISHED_MEAN,DIRECT_CONCORDANCE_UCC,I,MEDICAL_CARE,1.0,,1
340911,INCLUDED_IN_CONFIRMATION,,DIRECT_CONCORDANCE_UCC,I,HOUSEHOLD_FURNISHINGS_OPERATIONS,13.0,MEDIUM,1
340912,EXCLUDED,NOT_DIRECT_CONCORDANCE_UCC,PUBLISHED_CE_UCC,,,2.0,,1
340913,EXCLUDED,NOT_DIRECT_CONCORDANCE_UCC,PUBLISHED_CE_UCC,,,3.0,,
340914,INCLUDED_IN_CONFIRMATION,,DIRECT_CONCORDANCE_UCC,I,HOUSEHOLD_FURNISHINGS_OPERATIONS,68.0,MEDIUM,1
340915,EXCLUDED,NOT_DIRECT_CONCORDANCE_UCC,PUBLISHED_CE_UCC,,,44.0,,1
350110,INCLUDED_IN_CONFIRMATION,,DIRECT_CONCORDANCE_UCC,I,SHELTER,40.0,MEDIUM,1
360110,EXCLUDED,ABSENT_FROM_INTERVIEW_STUB,DIRECT_CONCORDANCE_UCC,I,APPAREL,,,
360120,EXCLUDED,CE_SOURCE_NOT_INTERVIEW,DIRECT_CONCORDANCE_UCC,D,APPAREL,,,
360210,EXCLUDED,CE_SOURCE_NOT_INTERVIEW,DIRECT_CONCORDANCE_UCC,D,APPAREL,,,
360311,EXCLUDED,NOT_DIRECT_CONCORDANCE_UCC,PUBLISHED_CE_UCC,,,,,
360312,EXCLUDED,NOT_DIRECT_CONCORDANCE_UCC,PUBLISHED_CE_UCC,,,,,
360319,EXCLUDED,CE_SOURCE_NOT_INTERVIEW,DIRECT_CONCORDANCE_UCC,D,APPAREL,,,
360320,EXCLUDED,NOT_DIRECT_CONCORDANCE_UCC,PUBLISHED_CE_UCC,,,,,
360330,EXCLUDED,CE_SOURCE_NOT_INTERVIEW,DIRECT_CONCORDANCE_UCC,D,APPAREL,,,
360340,EXCLUDED,NOT_DIRECT_CONCORDANCE_UCC,PUBLISHED_CE_UCC,,,,,
360350,EXCLUDED,NOT_DIRECT_CONCORDANCE_UCC,PUBLISHED_CE_UCC,,,,,
360360,EXCLUDED,NOT_DIRECT_CONCORDANCE_UCC,PUBLISHED_CE_UCC,,,,,
360410,EXCLUDED,NOT_DIRECT_CONCORDANCE_UCC,PUBLISHED_CE_UCC,,,,,
360420,EXCLUDED,CE_SOURCE_NOT_INTERVIEW,DIRECT_CONCORDANCE_UCC,D,APPAREL,,,
360513,EXCLUDED,CE_SOURCE_NOT_INTERVIEW,DIRECT_CONCORDANCE_UCC,D,APPAREL,,,
360901,EXCLUDED,CE_SOURCE_NOT_INTERVIEW,DIRECT_CONCORDANCE_UCC,D,APPAREL,,,
360902,EXCLUDED,CE_SOURCE_NOT_INTERVIEW,DIRECT_CONCORDANCE_UCC,D,APPAREL,,,
370110,EXCLUDED,CE_SOURCE_NOT_INTERVIEW,DIRECT_CONCORDANCE_UCC,D,APPAREL,,,
370120,EXCLUDED,NOT_DIRECT_CONCORDANCE_UCC,PUBLISHED_CE_UCC,,,,,
370125,EXCLUDED,CE_SOURCE_NOT_INTERVIEW,DIRECT_CONCORDANCE_UCC,D,APPAREL,,,
370130,EXCLUDED,NOT_DIRECT_CONCORDANCE_UCC,PUBLISHED_CE_UCC,,,,,
370211,EXCLUDED,NOT_DIRECT_CONCORDANCE_UCC,PUBLISHED_CE_UCC,,,,,
370212,EXCLUDED,NOT_DIRECT_CONCORDANCE_UCC,PUBLISHED_CE_UCC,,,,,
370213,EXCLUDED,NOT_DIRECT_CONCORDANCE_UCC,PUBLISHED_CE_UCC,,,,,
370219,EXCLUDED,CE_SOURCE_NOT_INTERVIEW,DIRECT_CONCORDANCE_UCC,D,APPAREL,,,
370220,EXCLUDED,CE_SOURCE_NOT_INTERVIEW,DIRECT_CONCORDANCE_UCC,D,APPAREL,,,
370311,EXCLUDED,NOT_DIRECT_CONCORDANCE_UCC,PUBLISHED_CE_UCC,,,,,
370314,EXCLUDED,NOT_DIRECT_CONCORDANCE_UCC,PUBLISHED_CE_UCC,,,,,
370319,EXCLUDED,CE_SOURCE_NOT_INTERVIEW,DIRECT_CONCORDANCE_UCC,D,APPAREL,,,
370360,EXCLUDED,NOT_DIRECT_CONCORDANCE_UCC,PUBLISHED_CE_UCC,,,,,
370901,EXCLUDED,NOT_DIRECT_CONCORDANCE_UCC,PUBLISHED_CE_UCC,,,,,
370902,EXCLUDED,CE_SOURCE_NOT_INTERVIEW,DIRECT_CONCORDANCE_UCC,D,APPAREL,,,
370903,EXCLUDED,CE_SOURCE_NOT_INTERVIEW,DIRECT_CONCORDANCE_UCC,D,APPAREL,,,
370904,EXCLUDED,NOT_DIRECT_CONCORDANCE_UCC,PUBLISHED_CE_UCC,,,,,
380110,EXCLUDED,CE_SOURCE_NOT_INTERVIEW,DIRECT_CONCORDANCE_UCC,D,APPAREL,,,
380210,EXCLUDED,CE_SOURCE_NOT_INTERVIEW,DIRECT_CONCORDANCE_UCC,D,APPAREL,,,
380311,EXCLUDED,NOT_DIRECT_CONCORDANCE_UCC,PUBLISHED_CE_UCC,,,,,
380312,EXCLUDED,NOT_DIRECT_CONCORDANCE_UCC,PUBLISHED_CE_UCC,,,,,
380313,EXCLUDED,NOT_DIRECT_CONCORDANCE_UCC,PUBLISHED_CE_UCC,,,,,
380315,EXCLUDED,NOT_DIRECT_CONCORDANCE_UCC,PUBLISHED_CE_UCC,,,,,
380319,EXCLUDED,CE_SOURCE_NOT_INTERVIEW,DIRECT_CONCORDANCE_UCC,D,APPAREL,,,
380320,EXCLUDED,NOT_DIRECT_CONCORDANCE_UCC,PUBLISHED_CE_UCC,,,,,
380333,EXCLUDED,NOT_DIRECT_CONCORDANCE_UCC,PUBLISHED_CE_UCC,,,,,
380339,EXCLUDED,CE_SOURCE_NOT_INTERVIEW,DIRECT_CONCORDANCE_UCC,D,APPAREL,,,
380340,EXCLUDED,NOT_DIRECT_CONCORDANCE_UCC,PUBLISHED_CE_UCC,,,,,
380360,EXCLUDED,NOT_DIRECT_CONCORDANCE_UCC,PUBLISHED_CE_UCC,,,,,
380410,EXCLUDED,NOT_DIRECT_CONCORDANCE_UCC,PUBLISHED_CE_UCC,,,,,
380420,EXCLUDED,NOT_DIRECT_CONCORDANCE_UCC,PUBLISHED_CE_UCC,,,,,
380429,EXCLUDED,CE_SOURCE_NOT_INTERVIEW,DIRECT_CONCORDANCE_UCC,D,APPAREL,,,
380430,EXCLUDED,CE_SOURCE_NOT_INTERVIEW,DIRECT_CONCORDANCE_UCC,D,APPAREL,,,
380510,EXCLUDED,CE_SOURCE_NOT_INTERVIEW,DIRECT_CONCORDANCE_UCC,D,APPAREL,,,
380901,EXCLUDED,CE_SOURCE_NOT_INTERVIEW,DIRECT_CONCORDANCE_UCC,D,APPAREL,,,
380902,EXCLUDED,NOT_DIRECT_CONCORDANCE_UCC,PUBLISHED_CE_UCC,,,,,
380903,EXCLUDED,NOT_DIRECT_CONCORDANCE_UCC,PUBLISHED_CE_UCC,,,,,
380909,EXCLUDED,CE_SOURCE_NOT_INTERVIEW,DIRECT_CONCORDANCE_UCC,D,APPAREL,,,
390110,EXCLUDED,CE_SOURCE_NOT_INTERVIEW,DIRECT_CONCORDANCE_UCC,D,APPAREL,,,
390120,EXCLUDED,CE_SOURCE_NOT_INTERVIEW,DIRECT_CONCORDANCE_UCC,D,APPAREL,,,
390210,EXCLUDED,CE_SOURCE_NOT_INTERVIEW,DIRECT_CONCORDANCE_UCC,D,APPAREL,,,
390223,EXCLUDED,CE_SOURCE_NOT_INTERVIEW,DIRECT_CONCORDANCE_UCC,D,APPAREL,,,
390230,EXCLUDED,NOT_DIRECT_CONCORDANCE_UCC,PUBLISHED_CE_UCC,,,,,
390310,EXCLUDED,NOT_DIRECT_CONCORDANCE_UCC,PUBLISHED_CE_UCC,,,,,
390319,EXCLUDED,CE_SOURCE_NOT_INTERVIEW,DIRECT_CONCORDANCE_UCC,D,APPAREL,,,
390321,EXCLUDED,NOT_DIRECT_CONCORDANCE_UCC,PUBLISHED_CE_UCC,,,,,
390322,EXCLUDED,CE_SOURCE_NOT_INTERVIEW,DIRECT_CONCORDANCE_UCC,D,APPAREL,,,
390360,EXCLUDED,NOT_DIRECT_CONCORDANCE_UCC,PUBLISHED_CE_UCC,,,,,
390901,EXCLUDED,CE_SOURCE_NOT_INTERVIEW,DIRECT_CONCORDANCE_UCC,D,APPAREL,,,
390902,EXCLUDED,CE_SOURCE_NOT_INTERVIEW,DIRECT_CONCORDANCE_UCC,D,APPAREL,,,
400110,EXCLUDED,CE_SOURCE_NOT_INTERVIEW,DIRECT_CONCORDANCE_UCC,D,APPAREL,,,
400210,EXCLUDED,CE_SOURCE_NOT_INTERVIEW,DIRECT_CONCORDANCE_UCC,D,APPAREL,,,
400220,EXCLUDED,CE_SOURCE_NOT_INTERVIEW,DIRECT_CONCORDANCE_UCC,D,APPAREL,,,
400310,EXCLUDED,CE_SOURCE_NOT_INTERVIEW,DIRECT_CONCORDANCE_UCC,D,APPAREL,,,
410110,EXCLUDED,NOT_DIRECT_CONCORDANCE_UCC,PUBLISHED_CE_UCC,,,,,
410119,EXCLUDED,CE_SOURCE_NOT_INTERVIEW,DIRECT_CONCORDANCE_UCC,D,APPAREL,,,
410120,EXCLUDED,NOT_DIRECT_CONCORDANCE_UCC,PUBLISHED_CE_UCC,,,,,
410130,EXCLUDED,CE_SOURCE_NOT_INTERVIEW,DIRECT_CONCORDANCE_UCC,D,APPAREL,,,
410140,EXCLUDED,NOT_DIRECT_CONCORDANCE_UCC,PUBLISHED_CE_UCC,,,,,
410901,EXCLUDED,NOT_DIRECT_CONCORDANCE_UCC,PUBLISHED_CE_UCC,,,,,
420110,EXCLUDED,NOT_DIRECT_CONCORDANCE_UCC,PUBLISHED_CE_UCC,,,,,
420115,EXCLUDED,INTEGRATED_STUB_SURVEY_NOT_INTERVIEW,DIRECT_CONCORDANCE_UCC,I,RECREATION,,,1
420120,EXCLUDED,NOT_DIRECT_CONCORDANCE_UCC,PUBLISHED_CE_UCC,,,,,
430110,EXCLUDED,INCOMPLETE_LB01_PUBLICATION,DIRECT_CONCORDANCE_UCC,I,APPAREL,,,1
430120,EXCLUDED,INCOMPLETE_LB01_PUBLICATION,DIRECT_CONCORDANCE_UCC,I,APPAREL,,,1
430130,EXCLUDED,CE_SOURCE_NOT_INTERVIEW,DIRECT_CONCORDANCE_UCC,D,OTHER_GOODS_SERVICES,31.0,,1
440110,EXCLUDED,INCOMPLETE_LB01_PUBLICATION,DIRECT_CONCORDANCE_UCC,I,OTHER_GOODS_SERVICES,,,1
440120,EXCLUDED,INCOMPLETE_LB01_PUBLICATION,DIRECT_CONCORDANCE_UCC,I,OTHER_GOODS_SERVICES,,,1
440130,EXCLUDED,INCOMPLETE_LB01_PUBLICATION,DIRECT_CONCORDANCE_UCC,I,OTHER_GOODS_SERVICES,,,1
440140,EXCLUDED,INCOMPLETE_LB01_PUBLICATION,DIRECT_CONCORDANCE_UCC,I,OTHER_GOODS_SERVICES,,,1
440150,EXCLUDED,INCOMPLETE_LB01_PUBLICATION,DIRECT_CONCORDANCE_UCC,I,OTHER_GOODS_SERVICES,,,1
440210,EXCLUDED,INCOMPLETE_LB01_PUBLICATION,DIRECT_CONCORDANCE_UCC,I,OTHER_GOODS_SERVICES,,,1
440900,EXCLUDED,INCOMPLETE_LB01_PUBLICATION,DIRECT_CONCORDANCE_UCC,I,OTHER_GOODS_SERVICES,,,1
450110,INCLUDED_IN_CONFIRMATION,,DIRECT_CONCORDANCE_UCC,I,TRANSPORT_COMMODITIES_EX_MOTOR_FUEL,670.0,LARGE,1
450116,EXCLUDED,NOT_DIRECT_CONCORDANCE_UCC,CONCORDANCE_ONLY_UCC,I,TRANSPORT_COMMODITIES_EX_MOTOR_FUEL,,,
450210,INCLUDED_IN_CONFIRMATION,,DIRECT_CONCORDANCE_UCC,I,TRANSPORT_COMMODITIES_EX_MOTOR_FUEL,1800.0,LARGE,1
450216,EXCLUDED,NOT_DIRECT_CONCORDANCE_UCC,CONCORDANCE_ONLY_UCC,I,TRANSPORT_COMMODITIES_EX_MOTOR_FUEL,,,
450220,EXCLUDED,BLANK_PUBLISHED_MEAN,DIRECT_CONCORDANCE_UCC,I,TRANSPORT_COMMODITIES_EX_MOTOR_FUEL,29.0,,1
450310,EXCLUDED,NOT_DIRECT_CONCORDANCE_UCC,PUBLISHED_CE_UCC,,,,,
450313,EXCLUDED,NOT_DIRECT_CONCORDANCE_UCC,PUBLISHED_CE_UCC,,,,,
450314,EXCLUDED,NOT_DIRECT_CONCORDANCE_UCC,PUBLISHED_CE_UCC,,,,,
450350,EXCLUDED,IN_DEVELOPMENT_ROSTER,DIRECT_CONCORDANCE_UCC,I,TRANSPORT_SERVICES,228.0,LARGE,1
450351,EXCLUDED,NOT_DIRECT_CONCORDANCE_UCC,PUBLISHED_CE_UCC,,,1.0,,1
450352,EXCLUDED,BLANK_PUBLISHED_MEAN,DIRECT_CONCORDANCE_UCC,I,TRANSPORT_SERVICES,33.0,,1
450353,EXCLUDED,IN_DEVELOPMENT_ROSTER,DIRECT_CONCORDANCE_UCC,I,TRANSPORT_SERVICES,39.0,MEDIUM,1
450354,EXCLUDED,BLANK_PUBLISHED_MEAN,DIRECT_CONCORDANCE_UCC,I,TRANSPORT_SERVICES,,,1
450410,EXCLUDED,NOT_DIRECT_CONCORDANCE_UCC,PUBLISHED_CE_UCC,,,,,
450413,EXCLUDED,NOT_DIRECT_CONCORDANCE_UCC,PUBLISHED_CE_UCC,,,,,
450414,EXCLUDED,NOT_DIRECT_CONCORDANCE_UCC,PUBLISHED_CE_UCC,,,,,
450900,EXCLUDED,BLANK_PUBLISHED_MEAN,DIRECT_CONCORDANCE_UCC,I,TRANSPORT_COMMODITIES_EX_MOTOR_FUEL,,,1
460110,EXCLUDED,IN_DEVELOPMENT_ROSTER,DIRECT_CONCORDANCE_UCC,I,TRANSPORT_COMMODITIES_EX_MOTOR_FUEL,710.0,LARGE,1
460901,INCLUDED_IN_CONFIRMATION,,DIRECT_CONCORDANCE_UCC,I,TRANSPORT_COMMODITIES_EX_MOTOR_FUEL,2108.0,LARGE,1
460902,INCLUDED_IN_CONFIRMATION,,DIRECT_CONCORDANCE_UCC,I,TRANSPORT_COMMODITIES_EX_MOTOR_FUEL,20.0,MEDIUM,1
460903,EXCLUDED,BLANK_PUBLISHED_MEAN,DIRECT_CONCORDANCE_UCC,I,TRANSPORT_COMMODITIES_EX_MOTOR_FUEL,,,1
470111,INCLUDED_IN_CONFIRMATION,,DIRECT_CONCORDANCE_UCC,I,MOTOR_FUEL,2411.0,LARGE,1
470112,INCLUDED_IN_CONFIRMATION,,DIRECT_CONCORDANCE_UCC,I,MOTOR_FUEL,75.0,MEDIUM,1
470113,INCLUDED_IN_CONFIRMATION,,DIRECT_CONCORDANCE_UCC,I,MOTOR_FUEL,149.0,LARGE,1
470114,EXCLUDED,NOT_DIRECT_CONCORDANCE_UCC,PUBLISHED_CE_UCC,,,,,
470211,EXCLUDED,ABSENT_FROM_INTERVIEW_STUB,DIRECT_CONCORDANCE_UCC,I,TRANSPORT_COMMODITIES_EX_MOTOR_FUEL,,,
470212,EXCLUDED,IN_DEVELOPMENT_ROSTER,DIRECT_CONCORDANCE_UCC,I,TRANSPORT_COMMODITIES_EX_MOTOR_FUEL,2.0,SMALL,1
470220,EXCLUDED,ABSENT_FROM_INTERVIEW_STUB,DIRECT_CONCORDANCE_UCC,I,TRANSPORT_COMMODITIES_EX_MOTOR_FUEL,,,
470311,EXCLUDED,NOT_DIRECT_CONCORDANCE_UCC,PUBLISHED_CE_UCC,,,10.0,,1
480100,EXCLUDED,IN_DEVELOPMENT_ROSTER,DIRECT_CONCORDANCE_UCC,I,TRANSPORT_COMMODITIES_EX_MOTOR_FUEL,45.0,MEDIUM,1
480110,INCLUDED_IN_CONFIRMATION,,DIRECT_CONCORDANCE_UCC,I,TRANSPORT_COMMODITIES_EX_MOTOR_FUEL,217.0,LARGE,1
480212,EXCLUDED,NOT_DIRECT_CONCORDANCE_UCC,PUBLISHED_CE_UCC,,,,,
480213,EXCLUDED,ABSENT_FROM_INTERVIEW_STUB,DIRECT_CONCORDANCE_UCC,I,TRANSPORT_COMMODITIES_EX_MOTOR_FUEL,,,
480214,EXCLUDED,NOT_DIRECT_CONCORDANCE_UCC,PUBLISHED_CE_UCC,,,,,
480215,EXCLUDED,NOT_DIRECT_CONCORDANCE_UCC,PUBLISHED_CE_UCC,,,,,
490000,EXCLUDED,NOT_DIRECT_CONCORDANCE_UCC,PUBLISHED_CE_UCC,,,,,
490100,INCLUDED_IN_CONFIRMATION,,DIRECT_CONCORDANCE_UCC,I,TRANSPORT_SERVICES,669.0,LARGE,1
490110,EXCLUDED,NOT_DIRECT_CONCORDANCE_UCC,PUBLISHED_CE_UCC,,,,,
490211,EXCLUDED,NOT_DIRECT_CONCORDANCE_UCC,PUBLISHED_CE_UCC,,,,,
490212,EXCLUDED,NOT_DIRECT_CONCORDANCE_UCC,PUBLISHED_CE_UCC,,,,,
490221,EXCLUDED,NOT_DIRECT_CONCORDANCE_UCC,PUBLISHED_CE_UCC,,,,,
490231,EXCLUDED,NOT_DIRECT_CONCORDANCE_UCC,PUBLISHED_CE_UCC,,,,,
490232,EXCLUDED,NOT_DIRECT_CONCORDANCE_UCC,PUBLISHED_CE_UCC,,,,,
490300,EXCLUDED,NOT_DIRECT_CONCORDANCE_UCC,PUBLISHED_CE_UCC,,,,,
490311,EXCLUDED,NOT_DIRECT_CONCORDANCE_UCC,PUBLISHED_CE_UCC,,,,,
490312,EXCLUDED,NOT_DIRECT_CONCORDANCE_UCC,PUBLISHED_CE_UCC,,,,,
490313,EXCLUDED,NOT_DIRECT_CONCORDANCE_UCC,PUBLISHED_CE_UCC,,,,,
490314,EXCLUDED,NOT_DIRECT_CONCORDANCE_UCC,PUBLISHED_CE_UCC,,,,,
490316,EXCLUDED,NOT_DIRECT_CONCORDANCE_UCC,PUBLISHED_CE_UCC,,,,,
490318,EXCLUDED,NOT_DIRECT_CONCORDANCE_UCC,PUBLISHED_CE_UCC,,,,,
490319,EXCLUDED,NOT_DIRECT_CONCORDANCE_UCC,PUBLISHED_CE_UCC,,,,,
490411,EXCLUDED,NOT_DIRECT_CONCORDANCE_UCC,PUBLISHED_CE_UCC,,,,,
490412,EXCLUDED,NOT_DIRECT_CONCORDANCE_UCC,PUBLISHED_CE_UCC,,,,,
490413,EXCLUDED,NOT_DIRECT_CONCORDANCE_UCC,PUBLISHED_CE_UCC,,,,,
490900,INCLUDED_IN_CONFIRMATION,,DIRECT_CONCORDANCE_UCC,I,TRANSPORT_SERVICES,51.0,MEDIUM,1
500110,INCLUDED_IN_CONFIRMATION,,DIRECT_CONCORDANCE_UCC,I,TRANSPORT_SERVICES,1993.0,LARGE,1
510110,EXCLUDED,NOT_DIRECT_CONCORDANCE_UCC,PUBLISHED_CE_UCC,,,95.0,,1
510115,EXCLUDED,NOT_DIRECT_CONCORDANCE_UCC,CONCORDANCE_ONLY_UCC,I,TRANSPORT_SERVICES,,,
510901,EXCLUDED,NOT_DIRECT_CONCORDANCE_UCC,PUBLISHED_CE_UCC,,,297.0,,1
510902,EXCLUDED,NOT_DIRECT_CONCORDANCE_UCC,PUBLISHED_CE_UCC,,,3.0,,1
520110,EXCLUDED,NOT_DIRECT_CONCORDANCE_UCC,PUBLISHED_CE_UCC,,,148.0,,1
520111,EXCLUDED,NOT_DIRECT_CONCORDANCE_UCC,PUBLISHED_CE_UCC,,,,,
520112,EXCLUDED,NOT_DIRECT_CONCORDANCE_UCC,PUBLISHED_CE_UCC,,,,,
520310,INCLUDED_IN_CONFIRMATION,,DIRECT_CONCORDANCE_UCC,I,TRANSPORT_SERVICES,12.0,SMALL,1
520410,INCLUDED_IN_CONFIRMATION,,DIRECT_CONCORDANCE_UCC,I,TRANSPORT_SERVICES,14.0,MEDIUM,1
520511,EXCLUDED,NOT_DIRECT_CONCORDANCE_UCC,PUBLISHED_CE_UCC,,,,,
520512,EXCLUDED,NOT_DIRECT_CONCORDANCE_UCC,PUBLISHED_CE_UCC,,,,,
520516,INCLUDED_IN_CONFIRMATION,,DIRECT_CONCORDANCE_UCC,I,TRANSPORT_SERVICES,113.0,LARGE,1
520517,INCLUDED_IN_CONFIRMATION,,DIRECT_CONCORDANCE_UCC,I,TRANSPORT_SERVICES,5.0,SMALL,1
520521,EXCLUDED,NOT_DIRECT_CONCORDANCE_UCC,PUBLISHED_CE_UCC,,,,,
520522,EXCLUDED,NOT_DIRECT_CONCORDANCE_UCC,PUBLISHED_CE_UCC,,,,,
520531,INCLUDED_IN_CONFIRMATION,,DIRECT_CONCORDANCE_UCC,I,TRANSPORT_SERVICES,45.0,MEDIUM,1
520532,INCLUDED_IN_CONFIRMATION,,DIRECT_CONCORDANCE_UCC,I,TRANSPORT_SERVICES,13.0,MEDIUM,1
520541,INCLUDED_IN_CONFIRMATION,,DIRECT_CONCORDANCE_UCC,I,TRANSPORT_SERVICES,60.0,MEDIUM,1
520542,EXCLUDED,IN_DEVELOPMENT_ROSTER,DIRECT_CONCORDANCE_UCC,I,TRANSPORT_SERVICES,6.0,SMALL,1
520550,INCLUDED_IN_CONFIRMATION,,DIRECT_CONCORDANCE_UCC,I,TRANSPORT_SERVICES,6.0,SMALL,1
520560,EXCLUDED,NOT_DIRECT_CONCORDANCE_UCC,PUBLISHED_CE_UCC,,,,,
520901,EXCLUDED,INCOMPLETE_LB01_PUBLICATION,DIRECT_CONCORDANCE_UCC,I,TRANSPORT_SERVICES,,,1
520902,EXCLUDED,BLANK_PUBLISHED_MEAN,DIRECT_CONCORDANCE_UCC,I,TRANSPORT_COMMODITIES_EX_MOTOR_FUEL,,,1
520903,EXCLUDED,BLANK_PUBLISHED_MEAN,DIRECT_CONCORDANCE_UCC,I,TRANSPORT_COMMODITIES_EX_MOTOR_FUEL,3.0,,1
520904,EXCLUDED,INCOMPLETE_LB01_PUBLICATION,DIRECT_CONCORDANCE_UCC,I,TRANSPORT_COMMODITIES_EX_MOTOR_FUEL,,,1
520905,EXCLUDED,BLANK_PUBLISHED_MEAN,DIRECT_CONCORDANCE_UCC,I,TRANSPORT_COMMODITIES_EX_MOTOR_FUEL,,,1
520906,EXCLUDED,BLANK_PUBLISHED_MEAN,DIRECT_CONCORDANCE_UCC,I,TRANSPORT_COMMODITIES_EX_MOTOR_FUEL,,,1
520907,EXCLUDED,INCOMPLETE_LB01_PUBLICATION,DIRECT_CONCORDANCE_UCC,I,RECREATION,,,1
530110,INCLUDED_IN_CONFIRMATION,,DIRECT_CONCORDANCE_UCC,I,TRANSPORT_SERVICES,682.0,LARGE,1
530210,INCLUDED_IN_CONFIRMATION,,DIRECT_CONCORDANCE_UCC,I,TRANSPORT_SERVICES,12.0,SMALL,1
530311,INCLUDED_IN_CONFIRMATION,,DIRECT_CONCORDANCE_UCC,I,TRANSPORT_SERVICES,109.0,LARGE,1
530312,EXCLUDED,BLANK_PUBLISHED_MEAN,DIRECT_CONCORDANCE_UCC,I,TRANSPORT_SERVICES,2.0,,1
530411,EXCLUDED,BLANK_PUBLISHED_MEAN,DIRECT_CONCORDANCE_UCC,I,TRANSPORT_SERVICES,1.0,,1
530412,INCLUDED_IN_CONFIRMATION,,DIRECT_CONCORDANCE_UCC,I,TRANSPORT_SERVICES,135.0,LARGE,1
530510,INCLUDED_IN_CONFIRMATION,,DIRECT_CONCORDANCE_UCC,I,TRANSPORT_SERVICES,26.0,MEDIUM,1
530901,INCLUDED_IN_CONFIRMATION,,DIRECT_CONCORDANCE_UCC,I,TRANSPORT_SERVICES,162.0,LARGE,1
530902,EXCLUDED,BLANK_PUBLISHED_MEAN,DIRECT_CONCORDANCE_UCC,I,TRANSPORT_SERVICES,3.0,,1
540000,EXCLUDED,INCOMPLETE_LB01_PUBLICATION,DIRECT_CONCORDANCE_UCC,I,MEDICAL_CARE,,,1
550110,EXCLUDED,INCOMPLETE_LB01_PUBLICATION,DIRECT_CONCORDANCE_UCC,I,MEDICAL_CARE,,,1
550210,EXCLUDED,CE_SOURCE_NOT_INTERVIEW,DIRECT_CONCORDANCE_UCC,D,MEDICAL_CARE,,,
550219,EXCLUDED,CE_SOURCE_NOT_INTERVIEW,DIRECT_CONCORDANCE_UCC,D,MEDICAL_CARE,,,
550310,EXCLUDED,CE_SOURCE_NOT_INTERVIEW,DIRECT_CONCORDANCE_UCC,D,MEDICAL_CARE,,,
550320,EXCLUDED,NOT_DIRECT_CONCORDANCE_UCC,PUBLISHED_CE_UCC,,,,,1
550330,EXCLUDED,NOT_DIRECT_CONCORDANCE_UCC,PUBLISHED_CE_UCC,,,,,1
550340,EXCLUDED,INCOMPLETE_LB01_PUBLICATION,DIRECT_CONCORDANCE_UCC,I,MEDICAL_CARE,,,1
550350,EXCLUDED,INCOMPLETE_LB01_PUBLICATION,DIRECT_CONCORDANCE_UCC,I,MEDICAL_CARE,,,1
550410,EXCLUDED,NOT_DIRECT_CONCORDANCE_UCC,PUBLISHED_CE_UCC,,,,,
560110,EXCLUDED,INCOMPLETE_LB01_PUBLICATION,DIRECT_CONCORDANCE_UCC,I,MEDICAL_CARE,,,1
560210,EXCLUDED,INCOMPLETE_LB01_PUBLICATION,DIRECT_CONCORDANCE_UCC,I,MEDICAL_CARE,,,1
560310,EXCLUDED,INCOMPLETE_LB01_PUBLICATION,DIRECT_CONCORDANCE_UCC,I,MEDICAL_CARE,,,1
560330,EXCLUDED,INCOMPLETE_LB01_PUBLICATION,DIRECT_CONCORDANCE_UCC,I,MEDICAL_CARE,,,1
560400,EXCLUDED,NOT_DIRECT_CONCORDANCE_UCC,PUBLISHED_CE_UCC,,,,,
560410,EXCLUDED,INCOMPLETE_LB01_PUBLICATION,DIRECT_CONCORDANCE_UCC,I,MEDICAL_CARE,,,1
560420,EXCLUDED,INCOMPLETE_LB01_PUBLICATION,DIRECT_CONCORDANCE_UCC,I,MEDICAL_CARE,,,1
570111,EXCLUDED,INCOMPLETE_LB01_PUBLICATION,DIRECT_CONCORDANCE_UCC,I,MEDICAL_CARE,,,1
570220,EXCLUDED,INCOMPLETE_LB01_PUBLICATION,DIRECT_CONCORDANCE_UCC,I,MEDICAL_CARE,,,1
570230,EXCLUDED,CE_SOURCE_NOT_INTERVIEW,DIRECT_CONCORDANCE_UCC,D,MEDICAL_CARE,,,1
570240,EXCLUDED,NOT_DIRECT_CONCORDANCE_UCC,PUBLISHED_CE_UCC,,,,,1
570901,EXCLUDED,INCOMPLETE_LB01_PUBLICATION,DIRECT_CONCORDANCE_UCC,I,MEDICAL_CARE,,,1
570902,EXCLUDED,CE_SOURCE_NOT_INTERVIEW,DIRECT_CONCORDANCE_UCC,D,MEDICAL_CARE,,,
570903,EXCLUDED,INCOMPLETE_LB01_PUBLICATION,DIRECT_CONCORDANCE_UCC,I,MEDICAL_CARE,,,1
580111,EXCLUDED,NOT_DIRECT_CONCORDANCE_UCC,PUBLISHED_CE_UCC,,,,,
580112,EXCLUDED,NOT_DIRECT_CONCORDANCE_UCC,PUBLISHED_CE_UCC,,,,,
580113,EXCLUDED,NOT_DIRECT_CONCORDANCE_UCC,PUBLISHED_CE_UCC,,,,,
580114,EXCLUDED,NOT_DIRECT_CONCORDANCE_UCC,PUBLISHED_CE_UCC,,,,,
580115,EXCLUDED,INCOMPLETE_LB01_PUBLICATION,DIRECT_CONCORDANCE_UCC,I,MEDICAL_CARE,,,1
580116,EXCLUDED,INCOMPLETE_LB01_PUBLICATION,DIRECT_CONCORDANCE_UCC,I,MEDICAL_CARE,,,1
580311,EXCLUDED,INCOMPLETE_LB01_PUBLICATION,DIRECT_CONCORDANCE_UCC,I,MEDICAL_CARE,,,1
580312,EXCLUDED,INCOMPLETE_LB01_PUBLICATION,DIRECT_CONCORDANCE_UCC,I,MEDICAL_CARE,,,1
580400,EXCLUDED,NOT_DIRECT_CONCORDANCE_UCC,PUBLISHED_CE_UCC,,,,,
580401,EXCLUDED,INCOMPLETE_LB01_PUBLICATION,DIRECT_CONCORDANCE_UCC,I,MEDICAL_CARE,,,1
580402,EXCLUDED,INCOMPLETE_LB01_PUBLICATION,DIRECT_CONCORDANCE_UCC,I,MEDICAL_CARE,,,1
580411,EXCLUDED,INCOMPLETE_LB01_PUBLICATION,DIRECT_CONCORDANCE_UCC,I,MEDICAL_CARE,,,1
580412,EXCLUDED,INCOMPLETE_LB01_PUBLICATION,DIRECT_CONCORDANCE_UCC,I,MEDICAL_CARE,,,1
580421,EXCLUDED,INCOMPLETE_LB01_PUBLICATION,DIRECT_CONCORDANCE_UCC,I,MEDICAL_CARE,,,1
580422,EXCLUDED,INCOMPLETE_LB01_PUBLICATION,DIRECT_CONCORDANCE_UCC,I,MEDICAL_CARE,,,1
580431,EXCLUDED,INCOMPLETE_LB01_PUBLICATION,DIRECT_CONCORDANCE_UCC,I,MEDICAL_CARE,,,1
580432,EXCLUDED,INCOMPLETE_LB01_PUBLICATION,DIRECT_CONCORDANCE_UCC,I,MEDICAL_CARE,,,1
580441,EXCLUDED,INCOMPLETE_LB01_PUBLICATION,DIRECT_CONCORDANCE_UCC,I,MEDICAL_CARE,,,1
580442,EXCLUDED,INCOMPLETE_LB01_PUBLICATION,DIRECT_CONCORDANCE_UCC,I,MEDICAL_CARE,,,1
580901,EXCLUDED,INCOMPLETE_LB01_PUBLICATION,DIRECT_CONCORDANCE_UCC,I,MEDICAL_CARE,,,1
580903,EXCLUDED,INCOMPLETE_LB01_PUBLICATION,DIRECT_CONCORDANCE_UCC,I,MEDICAL_CARE,,,1
580904,EXCLUDED,INCOMPLETE_LB01_PUBLICATION,DIRECT_CONCORDANCE_UCC,I,MEDICAL_CARE,,,1
580905,EXCLUDED,NOT_DIRECT_CONCORDANCE_UCC,PUBLISHED_CE_UCC,,,,,
580906,EXCLUDED,NOT_DIRECT_CONCORDANCE_UCC,PUBLISHED_CE_UCC,,,,,
580907,EXCLUDED,INCOMPLETE_LB01_PUBLICATION,DIRECT_CONCORDANCE_UCC,I,MEDICAL_CARE,,,1
580908,EXCLUDED,NOT_DIRECT_CONCORDANCE_UCC,PUBLISHED_CE_UCC,,,,,1
580909,EXCLUDED,NOT_DIRECT_CONCORDANCE_UCC,PUBLISHED_CE_UCC,,,,,1
580910,EXCLUDED,NOT_DIRECT_CONCORDANCE_UCC,PUBLISHED_CE_UCC,,,,,1
590110,EXCLUDED,NOT_DIRECT_CONCORDANCE_UCC,PUBLISHED_CE_UCC,,,,,
590210,EXCLUDED,NOT_DIRECT_CONCORDANCE_UCC,PUBLISHED_CE_UCC,,,,,
590220,EXCLUDED,NOT_DIRECT_CONCORDANCE_UCC,PUBLISHED_CE_UCC,,,,,
590230,EXCLUDED,INCOMPLETE_LB01_PUBLICATION,DIRECT_CONCORDANCE_UCC,I,RECREATION,,,1
590310,EXCLUDED,ABSENT_FROM_INTEGRATED_STUB,DIRECT_CONCORDANCE_UCC,I,RECREATION,,,1
590410,EXCLUDED,ABSENT_FROM_INTEGRATED_STUB,DIRECT_CONCORDANCE_UCC,I,RECREATION,,,1
590900,EXCLUDED,CE_SOURCE_NOT_INTERVIEW,DIRECT_CONCORDANCE_UCC,D,RECREATION,,,
600110,EXCLUDED,INCOMPLETE_LB01_PUBLICATION,DIRECT_CONCORDANCE_UCC,I,RECREATION,,,1
600121,EXCLUDED,INCOMPLETE_LB01_PUBLICATION,DIRECT_CONCORDANCE_UCC,I,RECREATION,,,1
600122,EXCLUDED,INCOMPLETE_LB01_PUBLICATION,DIRECT_CONCORDANCE_UCC,I,RECREATION,,,1
600132,EXCLUDED,INCOMPLETE_LB01_PUBLICATION,DIRECT_CONCORDANCE_UCC,I,RECREATION,,,1
600133,EXCLUDED,INCOMPLETE_LB01_PUBLICATION,DIRECT_CONCORDANCE_UCC,I,RECREATION,,,1
600141,EXCLUDED,INCOMPLETE_LB01_PUBLICATION,DIRECT_CONCORDANCE_UCC,I,TRANSPORT_COMMODITIES_EX_MOTOR_FUEL,,,1
600142,EXCLUDED,INCOMPLETE_LB01_PUBLICATION,DIRECT_CONCORDANCE_UCC,I,RECREATION,,,1
600151,EXCLUDED,INCOMPLETE_LB01_PUBLICATION,DIRECT_CONCORDANCE_UCC,I,,,,1
600153,EXCLUDED,NOT_DIRECT_CONCORDANCE_UCC,CONCORDANCE_ONLY_UCC,I,TRANSPORT_COMMODITIES_EX_MOTOR_FUEL,,,
600210,EXCLUDED,INCOMPLETE_LB01_PUBLICATION,DIRECT_CONCORDANCE_UCC,I,RECREATION,,,1
600310,EXCLUDED,INCOMPLETE_LB01_PUBLICATION,DIRECT_CONCORDANCE_UCC,I,RECREATION,,,1
600311,EXCLUDED,INCOMPLETE_LB01_PUBLICATION,DIRECT_CONCORDANCE_UCC,I,TRANSPORT_SERVICES,,,1
600315,EXCLUDED,NOT_DIRECT_CONCORDANCE_UCC,PUBLISHED_CE_UCC,,,,,
600410,EXCLUDED,CE_SOURCE_NOT_INTERVIEW,DIRECT_CONCORDANCE_UCC,D,RECREATION,,,1
600420,EXCLUDED,CE_SOURCE_NOT_INTERVIEW,DIRECT_CONCORDANCE_UCC,D,RECREATION,,,1
600430,EXCLUDED,INCOMPLETE_LB01_PUBLICATION,DIRECT_CONCORDANCE_UCC,I,RECREATION,,,1
600901,EXCLUDED,INCOMPLETE_LB01_PUBLICATION,DIRECT_CONCORDANCE_UCC,I,RECREATION,,,1
600902,EXCLUDED,INCOMPLETE_LB01_PUBLICATION,DIRECT_CONCORDANCE_UCC,I,RECREATION,,,1
600903,EXCLUDED,CE_SOURCE_NOT_INTERVIEW,DIRECT_CONCORDANCE_UCC,D,EDUCATION_COMMUNICATION,,,
610110,EXCLUDED,CE_SOURCE_NOT_INTERVIEW,DIRECT_CONCORDANCE_UCC,D,RECREATION,,,1
610120,EXCLUDED,INCOMPLETE_LB01_PUBLICATION,DIRECT_CONCORDANCE_UCC,I,RECREATION,,,1
610130,EXCLUDED,INCOMPLETE_LB01_PUBLICATION,DIRECT_CONCORDANCE_UCC,I,RECREATION,,,1
610140,EXCLUDED,NOT_DIRECT_CONCORDANCE_UCC,PUBLISHED_CE_UCC,,,,,1
610210,EXCLUDED,INCOMPLETE_LB01_PUBLICATION,DIRECT_CONCORDANCE_UCC,I,RECREATION,,,1
610220,EXCLUDED,CE_SOURCE_NOT_INTERVIEW,DIRECT_CONCORDANCE_UCC,D,RECREATION,,,
610230,EXCLUDED,INCOMPLETE_LB01_PUBLICATION,DIRECT_CONCORDANCE_UCC,I,RECREATION,,,1
610310,EXCLUDED,CE_SOURCE_NOT_INTERVIEW,DIRECT_CONCORDANCE_UCC,D,RECREATION,,,
610320,EXCLUDED,INCOMPLETE_LB01_PUBLICATION,DIRECT_CONCORDANCE_UCC,I,RECREATION,,,1
610900,EXCLUDED,NOT_DIRECT_CONCORDANCE_UCC,PUBLISHED_CE_UCC,,,,,1
610901,EXCLUDED,CE_SOURCE_NOT_INTERVIEW,DIRECT_CONCORDANCE_UCC,D,RECREATION,,,
610902,EXCLUDED,CE_SOURCE_NOT_INTERVIEW,DIRECT_CONCORDANCE_UCC,D,RECREATION,,,
610903,EXCLUDED,CE_SOURCE_NOT_INTERVIEW,DIRECT_CONCORDANCE_UCC,D,RECREATION,,,
620111,EXCLUDED,INCOMPLETE_LB01_PUBLICATION,DIRECT_CONCORDANCE_UCC,I,RECREATION,,,1
620112,EXCLUDED,INCOMPLETE_LB01_PUBLICATION,DIRECT_CONCORDANCE_UCC,I,OTHER_GOODS_SERVICES,,,1
620113,EXCLUDED,NOT_DIRECT_CONCORDANCE_UCC,PUBLISHED_CE_UCC,,,,,
620114,INCLUDED_IN_CONFIRMATION,,DIRECT_CONCORDANCE_UCC,I,TRANSPORT_SERVICES,19.0,MEDIUM,1
620115,EXCLUDED,INCOMPLETE_LB01_PUBLICATION,DIRECT_CONCORDANCE_UCC,I,RECREATION,,,1
620121,EXCLUDED,CE_SOURCE_NOT_INTERVIEW,DIRECT_CONCORDANCE_UCC,D,RECREATION,,,1
620122,EXCLUDED,INCOMPLETE_LB01_PUBLICATION,DIRECT_CONCORDANCE_UCC,I,RECREATION,,,1
620211,EXCLUDED,NOT_DIRECT_CONCORDANCE_UCC,PUBLISHED_CE_UCC,,,,,
620212,EXCLUDED,INCOMPLETE_LB01_PUBLICATION,DIRECT_CONCORDANCE_UCC,I,RECREATION,,,1
620213,EXCLUDED,INCOMPLETE_LB01_PUBLICATION,DIRECT_CONCORDANCE_UCC,I,RECREATION,,,1
620214,EXCLUDED,NOT_DIRECT_CONCORDANCE_UCC,PUBLISHED_CE_UCC,,,,,
620215,EXCLUDED,INCOMPLETE_LB01_PUBLICATION,DIRECT_CONCORDANCE_UCC,I,RECREATION,,,1
620216,EXCLUDED,INCOMPLETE_LB01_PUBLICATION,DIRECT_CONCORDANCE_UCC,I,RECREATION,,,1
620221,EXCLUDED,INCOMPLETE_LB01_PUBLICATION,DIRECT_CONCORDANCE_UCC,I,RECREATION,,,1
620222,EXCLUDED,INCOMPLETE_LB01_PUBLICATION,DIRECT_CONCORDANCE_UCC,I,RECREATION,,,1
620310,EXCLUDED,INCOMPLETE_LB01_PUBLICATION,DIRECT_CONCORDANCE_UCC,I,RECREATION,,,1
620320,EXCLUDED,INCOMPLETE_LB01_PUBLICATION,DIRECT_CONCORDANCE_UCC,I,RECREATION,,,1
620330,EXCLUDED,INCOMPLETE_LB01_PUBLICATION,DIRECT_CONCORDANCE_UCC,I,RECREATION,,,1
620410,EXCLUDED,INCOMPLETE_LB01_PUBLICATION,DIRECT_CONCORDANCE_UCC,I,RECREATION,,,1
620420,EXCLUDED,CE_SOURCE_NOT_INTERVIEW,DIRECT_CONCORDANCE_UCC,D,RECREATION,,,1
620510,EXCLUDED,NOT_DIRECT_CONCORDANCE_UCC,CONCORDANCE_ONLY_UCC,D,RECREATION,,,
620610,EXCLUDED,NOT_DIRECT_CONCORDANCE_UCC,CONCORDANCE_ONLY_UCC,D,RECREATION,,,
620710,EXCLUDED,NOT_DIRECT_CONCORDANCE_UCC,CONCORDANCE_ONLY_UCC,D,RECREATION,,,
620810,EXCLUDED,NOT_DIRECT_CONCORDANCE_UCC,CONCORDANCE_ONLY_UCC,D,RECREATION,,,
620903,EXCLUDED,INCOMPLETE_LB01_PUBLICATION,DIRECT_CONCORDANCE_UCC,I,RECREATION,,,1
620904,EXCLUDED,INCOMPLETE_LB01_PUBLICATION,DIRECT_CONCORDANCE_UCC,I,RECREATION,,,1
620905,EXCLUDED,INCOMPLETE_LB01_PUBLICATION,DIRECT_CONCORDANCE_UCC,I,RECREATION,,,1
620906,EXCLUDED,INCOMPLETE_LB01_PUBLICATION,DIRECT_CONCORDANCE_UCC,I,RECREATION,,,1
620908,EXCLUDED,INCOMPLETE_LB01_PUBLICATION,DIRECT_CONCORDANCE_UCC,I,RECREATION,,,1
620909,EXCLUDED,INCOMPLETE_LB01_PUBLICATION,DIRECT_CONCORDANCE_UCC,I,TRANSPORT_COMMODITIES_EX_MOTOR_FUEL,,,1
620910,EXCLUDED,INCOMPLETE_LB01_PUBLICATION,DIRECT_CONCORDANCE_UCC,I,,,,1
620912,EXCLUDED,CE_SOURCE_NOT_INTERVIEW,DIRECT_CONCORDANCE_UCC,D,RECREATION,,,
620913,EXCLUDED,CE_SOURCE_NOT_INTERVIEW,DIRECT_CONCORDANCE_UCC,D,RECREATION,,,
620915,EXCLUDED,NOT_DIRECT_CONCORDANCE_UCC,CONCORDANCE_ONLY_UCC,D,RECREATION,,,
620916,EXCLUDED,NOT_DIRECT_CONCORDANCE_UCC,PUBLISHED_CE_UCC,,,,,
620917,EXCLUDED,INCOMPLETE_LB01_PUBLICATION,DIRECT_CONCORDANCE_UCC,I,RECREATION,,,1
620918,EXCLUDED,INCOMPLETE_LB01_PUBLICATION,DIRECT_CONCORDANCE_UCC,I,RECREATION,,,1
620919,EXCLUDED,INCOMPLETE_LB01_PUBLICATION,DIRECT_CONCORDANCE_UCC,I,TRANSPORT_COMMODITIES_EX_MOTOR_FUEL,,,1
620921,EXCLUDED,INCOMPLETE_LB01_PUBLICATION,DIRECT_CONCORDANCE_UCC,I,TRANSPORT_COMMODITIES_EX_MOTOR_FUEL,,,1
620922,EXCLUDED,INCOMPLETE_LB01_PUBLICATION,DIRECT_CONCORDANCE_UCC,I,TRANSPORT_COMMODITIES_EX_MOTOR_FUEL,,,1
620924,EXCLUDED,INCOMPLETE_LB01_PUBLICATION,DIRECT_CONCORDANCE_UCC,I,TRANSPORT_COMMODITIES_EX_MOTOR_FUEL,,,1
620925,EXCLUDED,NOT_DIRECT_CONCORDANCE_UCC,PUBLISHED_CE_UCC,,,,,
620926,EXCLUDED,NOT_DIRECT_CONCORDANCE_UCC,PUBLISHED_CE_UCC,,,,,1
620930,EXCLUDED,CE_SOURCE_NOT_INTERVIEW,DIRECT_CONCORDANCE_UCC,D,RECREATION,,,1
630110,EXCLUDED,INCOMPLETE_LB01_PUBLICATION,DIRECT_CONCORDANCE_UCC,I,OTHER_GOODS_SERVICES,,,1
630210,EXCLUDED,INCOMPLETE_LB01_PUBLICATION,DIRECT_CONCORDANCE_UCC,I,OTHER_GOODS_SERVICES,,,1
630220,EXCLUDED,CE_SOURCE_NOT_INTERVIEW,DIRECT_CONCORDANCE_UCC,D,OTHER_GOODS_SERVICES,,,
630900,EXCLUDED,NOT_DIRECT_CONCORDANCE_UCC,PUBLISHED_CE_UCC,,,,,
640110,EXCLUDED,NOT_DIRECT_CONCORDANCE_UCC,PUBLISHED_CE_UCC,,,,,
640119,EXCLUDED,CE_SOURCE_NOT_INTERVIEW,DIRECT_CONCORDANCE_UCC,D,OTHER_GOODS_SERVICES,,,
640120,EXCLUDED,NOT_DIRECT_CONCORDANCE_UCC,PUBLISHED_CE_UCC,,,,,
640130,EXCLUDED,INCOMPLETE_LB01_PUBLICATION,DIRECT_CONCORDANCE_UCC,I,OTHER_GOODS_SERVICES,,,1
640210,EXCLUDED,NOT_DIRECT_CONCORDANCE_UCC,PUBLISHED_CE_UCC,,,,,
640219,EXCLUDED,CE_SOURCE_NOT_INTERVIEW,DIRECT_CONCORDANCE_UCC,D,OTHER_GOODS_SERVICES,,,
640220,EXCLUDED,NOT_DIRECT_CONCORDANCE_UCC,PUBLISHED_CE_UCC,,,,,
640310,EXCLUDED,CE_SOURCE_NOT_INTERVIEW,DIRECT_CONCORDANCE_UCC,D,OTHER_GOODS_SERVICES,,,
640410,EXCLUDED,CE_SOURCE_NOT_INTERVIEW,DIRECT_CONCORDANCE_UCC,D,OTHER_GOODS_SERVICES,,,
640420,EXCLUDED,INCOMPLETE_LB01_PUBLICATION,DIRECT_CONCORDANCE_UCC,I,OTHER_GOODS_SERVICES,,,1
640430,EXCLUDED,CE_SOURCE_NOT_INTERVIEW,DIRECT_CONCORDANCE_UCC,D,OTHER_GOODS_SERVICES,,,
650310,EXCLUDED,INCOMPLETE_LB01_PUBLICATION,DIRECT_CONCORDANCE_UCC,I,OTHER_GOODS_SERVICES,,,1
650900,EXCLUDED,CE_SOURCE_NOT_INTERVIEW,DIRECT_CONCORDANCE_UCC,D,OTHER_GOODS_SERVICES,,,
660000,EXCLUDED,NOT_DIRECT_CONCORDANCE_UCC,PUBLISHED_CE_UCC,,,,,
660001,EXCLUDED,INCOMPLETE_LB01_PUBLICATION,DIRECT_CONCORDANCE_UCC,I,EDUCATION_COMMUNICATION,,,1
660110,EXCLUDED,NOT_DIRECT_CONCORDANCE_UCC,PUBLISHED_CE_UCC,,,,,
660115,EXCLUDED,NOT_DIRECT_CONCORDANCE_UCC,PUBLISHED_CE_UCC,,,,,
660210,EXCLUDED,NOT_DIRECT_CONCORDANCE_UCC,PUBLISHED_CE_UCC,,,,,
660215,EXCLUDED,NOT_DIRECT_CONCORDANCE_UCC,PUBLISHED_CE_UCC,,,,,
660310,EXCLUDED,NOT_DIRECT_CONCORDANCE_UCC,PUBLISHED_CE_UCC,,,,,
660410,EXCLUDED,NOT_DIRECT_CONCORDANCE_UCC,PUBLISHED_CE_UCC,,,,,
660415,EXCLUDED,NOT_DIRECT_CONCORDANCE_UCC,PUBLISHED_CE_UCC,,,,,
660901,EXCLUDED,NOT_DIRECT_CONCORDANCE_UCC,PUBLISHED_CE_UCC,,,,,
660902,EXCLUDED,NOT_DIRECT_CONCORDANCE_UCC,PUBLISHED_CE_UCC,,,,,
660903,EXCLUDED,NOT_DIRECT_CONCORDANCE_UCC,PUBLISHED_CE_UCC,,,,,
660905,EXCLUDED,NOT_DIRECT_CONCORDANCE_UCC,PUBLISHED_CE_UCC,,,,,
660906,EXCLUDED,NOT_DIRECT_CONCORDANCE_UCC,PUBLISHED_CE_UCC,,,,,
670110,EXCLUDED,INCOMPLETE_LB01_PUBLICATION,DIRECT_CONCORDANCE_UCC,I,EDUCATION_COMMUNICATION,,,1
670210,EXCLUDED,INCOMPLETE_LB01_PUBLICATION,DIRECT_CONCORDANCE_UCC,I,EDUCATION_COMMUNICATION,,,1
670310,EXCLUDED,NOT_DIRECT_CONCORDANCE_UCC,PUBLISHED_CE_UCC,,,,,
670320,INCLUDED_IN_CONFIRMATION,,DIRECT_CONCORDANCE_UCC,I,EDUCATION_COMMUNICATION,470.0,LARGE,1
670410,EXCLUDED,INCOMPLETE_LB01_PUBLICATION,DIRECT_CONCORDANCE_UCC,I,EDUCATION_COMMUNICATION,,,1
670901,EXCLUDED,NOT_DIRECT_CONCORDANCE_UCC,PUBLISHED_CE_UCC,,,,,
670902,EXCLUDED,NOT_DIRECT_CONCORDANCE_UCC,PUBLISHED_CE_UCC,,,,,
670903,EXCLUDED,INCOMPLETE_LB01_PUBLICATION,DIRECT_CONCORDANCE_UCC,I,EDUCATION_COMMUNICATION,,,1
671000,EXCLUDED,NOT_DIRECT_CONCORDANCE_UCC,PUBLISHED_CE_UCC,,,,,1
680110,EXCLUDED,INCOMPLETE_LB01_PUBLICATION,DIRECT_CONCORDANCE_UCC,I,OTHER_GOODS_SERVICES,,,1
680140,EXCLUDED,INCOMPLETE_LB01_PUBLICATION,DIRECT_CONCORDANCE_UCC,I,OTHER_GOODS_SERVICES,,,1
680210,EXCLUDED,INCOMPLETE_LB01_PUBLICATION,DIRECT_CONCORDANCE_UCC,I,OTHER_GOODS_SERVICES,,,1
680220,EXCLUDED,INCOMPLETE_LB01_PUBLICATION,DIRECT_CONCORDANCE_UCC,I,OTHER_GOODS_SERVICES,,,1
680310,EXCLUDED,NOT_DIRECT_CONCORDANCE_UCC,PUBLISHED_CE_UCC,,,,,1
680320,EXCLUDED,INCOMPLETE_LB01_PUBLICATION,DIRECT_CONCORDANCE_UCC,I,FOOD,,,1
680901,EXCLUDED,INCOMPLETE_LB01_PUBLICATION,DIRECT_CONCORDANCE_UCC,I,OTHER_GOODS_SERVICES,,,1
680902,EXCLUDED,INCOMPLETE_LB01_PUBLICATION,DIRECT_CONCORDANCE_UCC,I,OTHER_GOODS_SERVICES,,,1
680903,EXCLUDED,CE_SOURCE_NOT_INTERVIEW,DIRECT_CONCORDANCE_UCC,D,OTHER_GOODS_SERVICES,,,
680904,EXCLUDED,INCOMPLETE_LB01_PUBLICATION,DIRECT_CONCORDANCE_UCC,I,OTHER_GOODS_SERVICES,,,1
680905,EXCLUDED,INCOMPLETE_LB01_PUBLICATION,DIRECT_CONCORDANCE_UCC,I,RECREATION,,,1
690111,INCLUDED_IN_CONFIRMATION,,DIRECT_CONCORDANCE_UCC,I,EDUCATION_COMMUNICATION,178.0,LARGE,1
690112,EXCLUDED,NOT_DIRECT_CONCORDANCE_UCC,PUBLISHED_CE_UCC,,,,,
690113,INCLUDED_IN_CONFIRMATION,,DIRECT_CONCORDANCE_UCC,I,EDUCATION_COMMUNICATION,8.0,SMALL,1
690114,INCLUDED_IN_CONFIRMATION,,DIRECT_CONCORDANCE_UCC,I,EDUCATION_COMMUNICATION,698.0,LARGE,1
690115,EXCLUDED,NOT_DIRECT_CONCORDANCE_UCC,PUBLISHED_CE_UCC,,,,,1
690116,INCLUDED_IN_CONFIRMATION,,DIRECT_CONCORDANCE_UCC,I,EDUCATION_COMMUNICATION,4.0,SMALL,1
690117,INCLUDED_IN_CONFIRMATION,,DIRECT_CONCORDANCE_UCC,I,EDUCATION_COMMUNICATION,4.0,SMALL,1
690118,EXCLUDED,INCOMPLETE_LB01_PUBLICATION,DIRECT_CONCORDANCE_UCC,I,EDUCATION_COMMUNICATION,,,1
690119,EXCLUDED,INTEGRATED_STUB_SURVEY_NOT_INTERVIEW,DIRECT_CONCORDANCE_UCC,I,EDUCATION_COMMUNICATION,28.0,,1
690120,EXCLUDED,CE_SOURCE_NOT_INTERVIEW,DIRECT_CONCORDANCE_UCC,D,EDUCATION_COMMUNICATION,28.0,,1
690210,EXCLUDED,NOT_DIRECT_CONCORDANCE_UCC,PUBLISHED_CE_UCC,,,,,1
690230,INCLUDED_IN_CONFIRMATION,,DIRECT_CONCORDANCE_UCC,I,EDUCATION_COMMUNICATION,3.0,SMALL,1
690241,EXCLUDED,NOT_DIRECT_CONCORDANCE_UCC,PUBLISHED_CE_UCC,,,,,
690242,EXCLUDED,NOT_DIRECT_CONCORDANCE_UCC,PUBLISHED_CE_UCC,,,,,
690243,EXCLUDED,NOT_DIRECT_CONCORDANCE_UCC,PUBLISHED_CE_UCC,,,,,
690244,INCLUDED_IN_CONFIRMATION,,DIRECT_CONCORDANCE_UCC,I,HOUSEHOLD_FURNISHINGS_OPERATIONS,3.0,SMALL,1
690245,INCLUDED_IN_CONFIRMATION,,DIRECT_CONCORDANCE_UCC,I,HOUSEHOLD_FURNISHINGS_OPERATIONS,12.0,SMALL,1
690310,EXCLUDED,BLANK_PUBLISHED_MEAN,DIRECT_CONCORDANCE_UCC,I,EDUCATION_COMMUNICATION,,,1
690320,EXCLUDED,INCOMPLETE_LB01_PUBLICATION,DIRECT_CONCORDANCE_UCC,I,RECREATION,,,1
690330,EXCLUDED,INCOMPLETE_LB01_PUBLICATION,DIRECT_CONCORDANCE_UCC,I,RECREATION,,,1
690340,EXCLUDED,INCOMPLETE_LB01_PUBLICATION,DIRECT_CONCORDANCE_UCC,I,RECREATION,,,1
690350,EXCLUDED,INCOMPLETE_LB01_PUBLICATION,DIRECT_CONCORDANCE_UCC,I,RECREATION,,,1
700110,EXCLUDED,NOT_DIRECT_CONCORDANCE_UCC,PUBLISHED_CE_UCC,,,,,1
710110,EXCLUDED,NOT_DIRECT_CONCORDANCE_UCC,PUBLISHED_CE_UCC,,,,,
790420,EXCLUDED,CE_SOURCE_NOT_INTERVIEW,DIRECT_CONCORDANCE_UCC,D,ALCOHOLIC_BEVERAGES,279.0,,
790430,EXCLUDED,NOT_DIRECT_CONCORDANCE_UCC,PUBLISHED_CE_UCC,,,,,
790600,EXCLUDED,NOT_DIRECT_CONCORDANCE_UCC,PUBLISHED_CE_UCC,,,,,1
790610,EXCLUDED,NOT_DIRECT_CONCORDANCE_UCC,PUBLISHED_CE_UCC,,,,,1
790611,EXCLUDED,NOT_DIRECT_CONCORDANCE_UCC,PUBLISHED_CE_UCC,,,,,1
790620,EXCLUDED,NOT_DIRECT_CONCORDANCE_UCC,PUBLISHED_CE_UCC,,,,,1
790630,EXCLUDED,NOT_DIRECT_CONCORDANCE_UCC,PUBLISHED_CE_UCC,,,,,1
790640,EXCLUDED,NOT_DIRECT_CONCORDANCE_UCC,PUBLISHED_CE_UCC,,,,,1
790690,EXCLUDED,NOT_DIRECT_CONCORDANCE_UCC,PUBLISHED_CE_UCC,,,3.0,,1
790710,EXCLUDED,NOT_DIRECT_CONCORDANCE_UCC,PUBLISHED_CE_UCC,,,,,1
790730,EXCLUDED,NOT_DIRECT_CONCORDANCE_UCC,PUBLISHED_CE_UCC,,,,,1
790810,EXCLUDED,NOT_DIRECT_CONCORDANCE_UCC,PUBLISHED_CE_UCC,,,,,1
790830,EXCLUDED,NOT_DIRECT_CONCORDANCE_UCC,PUBLISHED_CE_UCC,,,,,-1
790910,EXCLUDED,NOT_DIRECT_CONCORDANCE_UCC,PUBLISHED_CE_UCC,,,,,1
790915,EXCLUDED,NOT_DIRECT_CONCORDANCE_UCC,PUBLISHED_CE_UCC,,,,,1
790920,EXCLUDED,NOT_DIRECT_CONCORDANCE_UCC,PUBLISHED_CE_UCC,,,,,1
790930,EXCLUDED,NOT_DIRECT_CONCORDANCE_UCC,PUBLISHED_CE_UCC,,,,,1
790940,EXCLUDED,NOT_DIRECT_CONCORDANCE_UCC,PUBLISHED_CE_UCC,,,,,1
790950,EXCLUDED,NOT_DIRECT_CONCORDANCE_UCC,PUBLISHED_CE_UCC,,,,,1
800111,EXCLUDED,NOT_DIRECT_CONCORDANCE_UCC,PUBLISHED_CE_UCC,,,,,1
800121,EXCLUDED,NOT_DIRECT_CONCORDANCE_UCC,PUBLISHED_CE_UCC,,,,,1
800700,EXCLUDED,INTERVIEW_STUB_SECTION_NOT_EXPEND,DIRECT_CONCORDANCE_UCC,I,FOOD,45.0,,1
800710,EXCLUDED,INTERVIEW_STUB_SECTION_NOT_EXPEND,DIRECT_CONCORDANCE_UCC,I,SHELTER,76.0,,1
800721,EXCLUDED,NOT_DIRECT_CONCORDANCE_UCC,PUBLISHED_CE_UCC,,,,,1
800804,EXCLUDED,NOT_DIRECT_CONCORDANCE_UCC,PUBLISHED_CE_UCC,,,,,1
800811,EXCLUDED,NOT_DIRECT_CONCORDANCE_UCC,PUBLISHED_CE_UCC,,,,,1
800821,EXCLUDED,NOT_DIRECT_CONCORDANCE_UCC,PUBLISHED_CE_UCC,,,,,1
800831,EXCLUDED,NOT_DIRECT_CONCORDANCE_UCC,PUBLISHED_CE_UCC,,,,,1
800841,EXCLUDED,NOT_DIRECT_CONCORDANCE_UCC,PUBLISHED_CE_UCC,,,,,1
800851,EXCLUDED,NOT_DIRECT_CONCORDANCE_UCC,PUBLISHED_CE_UCC,,,,,1
800861,EXCLUDED,NOT_DIRECT_CONCORDANCE_UCC,PUBLISHED_CE_UCC,,,,,1
800910,EXCLUDED,NOT_DIRECT_CONCORDANCE_UCC,PUBLISHED_CE_UCC,,,,,1
800920,EXCLUDED,NOT_DIRECT_CONCORDANCE_UCC,PUBLISHED_CE_UCC,,,,,1
800931,EXCLUDED,NOT_DIRECT_CONCORDANCE_UCC,PUBLISHED_CE_UCC,,,,,1
800932,EXCLUDED,NOT_DIRECT_CONCORDANCE_UCC,PUBLISHED_CE_UCC,,,,,1
800940,EXCLUDED,NOT_DIRECT_CONCORDANCE_UCC,PUBLISHED_CE_UCC,,,,,1
810101,EXCLUDED,NOT_DIRECT_CONCORDANCE_UCC,PUBLISHED_CE_UCC,,,,,1
810102,EXCLUDED,NOT_DIRECT_CONCORDANCE_UCC,PUBLISHED_CE_UCC,,,,,1
810301,EXCLUDED,NOT_DIRECT_CONCORDANCE_UCC,PUBLISHED_CE_UCC,,,,,1
810302,EXCLUDED,NOT_DIRECT_CONCORDANCE_UCC,PUBLISHED_CE_UCC,,,,,1
820101,EXCLUDED,NOT_DIRECT_CONCORDANCE_UCC,PUBLISHED_CE_UCC,,,,,1
820102,EXCLUDED,NOT_DIRECT_CONCORDANCE_UCC,PUBLISHED_CE_UCC,,,,,1
820202,EXCLUDED,NOT_DIRECT_CONCORDANCE_UCC,PUBLISHED_CE_UCC,,,,,1
820301,EXCLUDED,NOT_DIRECT_CONCORDANCE_UCC,PUBLISHED_CE_UCC,,,,,-1
820302,EXCLUDED,NOT_DIRECT_CONCORDANCE_UCC,PUBLISHED_CE_UCC,,,,,-1
830101,EXCLUDED,NOT_DIRECT_CONCORDANCE_UCC,PUBLISHED_CE_UCC,,,,,1
830102,EXCLUDED,NOT_DIRECT_CONCORDANCE_UCC,PUBLISHED_CE_UCC,,,,,1
830111,EXCLUDED,NOT_DIRECT_CONCORDANCE_UCC,PUBLISHED_CE_UCC,,,,,1
830112,EXCLUDED,NOT_DIRECT_CONCORDANCE_UCC,PUBLISHED_CE_UCC,,,,,1
830201,EXCLUDED,NOT_DIRECT_CONCORDANCE_UCC,PUBLISHED_CE_UCC,,,,,1
830202,EXCLUDED,NOT_DIRECT_CONCORDANCE_UCC,PUBLISHED_CE_UCC,,,,,1
830203,EXCLUDED,NOT_DIRECT_CONCORDANCE_UCC,PUBLISHED_CE_UCC,,,,,1
830204,EXCLUDED,NOT_DIRECT_CONCORDANCE_UCC,PUBLISHED_CE_UCC,,,,,1
830301,EXCLUDED,NOT_DIRECT_CONCORDANCE_UCC,PUBLISHED_CE_UCC,,,,,1
830302,EXCLUDED,NOT_DIRECT_CONCORDANCE_UCC,PUBLISHED_CE_UCC,,,,,1
830303,EXCLUDED,NOT_DIRECT_CONCORDANCE_UCC,PUBLISHED_CE_UCC,,,,,1
830304,EXCLUDED,NOT_DIRECT_CONCORDANCE_UCC,PUBLISHED_CE_UCC,,,,,1
840101,EXCLUDED,NOT_DIRECT_CONCORDANCE_UCC,PUBLISHED_CE_UCC,,,,,1
840102,EXCLUDED,NOT_DIRECT_CONCORDANCE_UCC,PUBLISHED_CE_UCC,,,,,1
850100,EXCLUDED,NOT_DIRECT_CONCORDANCE_UCC,PUBLISHED_CE_UCC,,,,,1
850200,EXCLUDED,NOT_DIRECT_CONCORDANCE_UCC,PUBLISHED_CE_UCC,,,,,1
850300,EXCLUDED,NOT_DIRECT_CONCORDANCE_UCC,PUBLISHED_CE_UCC,,,23.0,,1
860100,EXCLUDED,NOT_DIRECT_CONCORDANCE_UCC,PUBLISHED_CE_UCC,,,,,1
860200,EXCLUDED,NOT_DIRECT_CONCORDANCE_UCC,PUBLISHED_CE_UCC,,,,,1
860301,EXCLUDED,NOT_DIRECT_CONCORDANCE_UCC,PUBLISHED_CE_UCC,,,,,1
860302,EXCLUDED,NOT_DIRECT_CONCORDANCE_UCC,PUBLISHED_CE_UCC,,,,,1
860400,EXCLUDED,NOT_DIRECT_CONCORDANCE_UCC,PUBLISHED_CE_UCC,,,,,1
860405,EXCLUDED,INTERVIEW_STUB_SECTION_NOT_EXPEND,DIRECT_CONCORDANCE_UCC,I,TRANSPORT_COMMODITIES_EX_MOTOR_FUEL,,,1
860500,EXCLUDED,NOT_DIRECT_CONCORDANCE_UCC,PUBLISHED_CE_UCC,,,,,1
860600,EXCLUDED,NOT_DIRECT_CONCORDANCE_UCC,PUBLISHED_CE_UCC,,,,,1
860700,EXCLUDED,NOT_DIRECT_CONCORDANCE_UCC,PUBLISHED_CE_UCC,,,,,1
860701,EXCLUDED,INTERVIEW_STUB_SECTION_NOT_EXPEND,DIRECT_CONCORDANCE_UCC,I,RECREATION,,,1
860800,EXCLUDED,NOT_DIRECT_CONCORDANCE_UCC,PUBLISHED_CE_UCC,,,,,1
880110,EXCLUDED,NOT_DIRECT_CONCORDANCE_UCC,PUBLISHED_CE_UCC,,,130.0,,1
880120,EXCLUDED,NOT_DIRECT_CONCORDANCE_UCC,PUBLISHED_CE_UCC,,,,,1
880210,EXCLUDED,NOT_DIRECT_CONCORDANCE_UCC,PUBLISHED_CE_UCC,,,,,1
880220,EXCLUDED,NOT_DIRECT_CONCORDANCE_UCC,PUBLISHED_CE_UCC,,,,,1
880310,EXCLUDED,NOT_DIRECT_CONCORDANCE_UCC,PUBLISHED_CE_UCC,,,1.0,,1
880320,EXCLUDED,NOT_DIRECT_CONCORDANCE_UCC,PUBLISHED_CE_UCC,,,,,1
900000,EXCLUDED,NOT_DIRECT_CONCORDANCE_UCC,PUBLISHED_CE_UCC,,,,,1
900002,EXCLUDED,NOT_DIRECT_CONCORDANCE_UCC,PUBLISHED_CE_UCC,,,,,1
900010,EXCLUDED,NOT_DIRECT_CONCORDANCE_UCC,PUBLISHED_CE_UCC,,,,,
900020,EXCLUDED,NOT_DIRECT_CONCORDANCE_UCC,PUBLISHED_CE_UCC,,,,,
900030,EXCLUDED,NOT_DIRECT_CONCORDANCE_UCC,PUBLISHED_CE_UCC,,,,,1
900040,EXCLUDED,NOT_DIRECT_CONCORDANCE_UCC,PUBLISHED_CE_UCC,,,,,
900050,EXCLUDED,NOT_DIRECT_CONCORDANCE_UCC,PUBLISHED_CE_UCC,,,,,
900060,EXCLUDED,NOT_DIRECT_CONCORDANCE_UCC,PUBLISHED_CE_UCC,,,,,
900070,EXCLUDED,NOT_DIRECT_CONCORDANCE_UCC,PUBLISHED_CE_UCC,,,,,
900080,EXCLUDED,NOT_DIRECT_CONCORDANCE_UCC,PUBLISHED_CE_UCC,,,,,
900090,EXCLUDED,NOT_DIRECT_CONCORDANCE_UCC,PUBLISHED_CE_UCC,,,,,1
900100,EXCLUDED,NOT_DIRECT_CONCORDANCE_UCC,PUBLISHED_CE_UCC,,,,,
900110,EXCLUDED,NOT_DIRECT_CONCORDANCE_UCC,PUBLISHED_CE_UCC,,,,,
900120,EXCLUDED,NOT_DIRECT_CONCORDANCE_UCC,PUBLISHED_CE_UCC,,,,,1
900131,EXCLUDED,NOT_DIRECT_CONCORDANCE_UCC,PUBLISHED_CE_UCC,,,,,
900132,EXCLUDED,NOT_DIRECT_CONCORDANCE_UCC,PUBLISHED_CE_UCC,,,,,
900140,EXCLUDED,NOT_DIRECT_CONCORDANCE_UCC,PUBLISHED_CE_UCC,,,,,1
900150,EXCLUDED,NOT_DIRECT_CONCORDANCE_UCC,PUBLISHED_CE_UCC,,,,,1
900160,EXCLUDED,NOT_DIRECT_CONCORDANCE_UCC,PUBLISHED_CE_UCC,,,,,1
900170,EXCLUDED,NOT_DIRECT_CONCORDANCE_UCC,PUBLISHED_CE_UCC,,,,,1
900180,EXCLUDED,NOT_DIRECT_CONCORDANCE_UCC,PUBLISHED_CE_UCC,,,,,1
900190,EXCLUDED,NOT_DIRECT_CONCORDANCE_UCC,PUBLISHED_CE_UCC,,,,,1
900200,EXCLUDED,NOT_DIRECT_CONCORDANCE_UCC,PUBLISHED_CE_UCC,,,,,1
900210,EXCLUDED,NOT_DIRECT_CONCORDANCE_UCC,PUBLISHED_CE_UCC,,,,,1
900220,EXCLUDED,NOT_DIRECT_CONCORDANCE_UCC,PUBLISHED_CE_UCC,,,,,1
910000,EXCLUDED,NOT_DIRECT_CONCORDANCE_UCC,PUBLISHED_CE_UCC,,,,,
910010,EXCLUDED,NOT_DIRECT_CONCORDANCE_UCC,PUBLISHED_CE_UCC,,,,,
910020,EXCLUDED,NOT_DIRECT_CONCORDANCE_UCC,PUBLISHED_CE_UCC,,,,,
910030,EXCLUDED,NOT_DIRECT_CONCORDANCE_UCC,PUBLISHED_CE_UCC,,,,,
910040,EXCLUDED,NOT_DIRECT_CONCORDANCE_UCC,PUBLISHED_CE_UCC,,,,,
910041,EXCLUDED,NOT_DIRECT_CONCORDANCE_UCC,PUBLISHED_CE_UCC,,,,,
910042,EXCLUDED,NOT_DIRECT_CONCORDANCE_UCC,PUBLISHED_CE_UCC,,,,,
910050,EXCLUDED,NOT_DIRECT_CONCORDANCE_UCC,PUBLISHED_CE_UCC,,,,,1
910101,EXCLUDED,NOT_DIRECT_CONCORDANCE_UCC,PUBLISHED_CE_UCC,,,,,1
910102,EXCLUDED,NOT_DIRECT_CONCORDANCE_UCC,PUBLISHED_CE_UCC,,,,,1
910103,EXCLUDED,NOT_DIRECT_CONCORDANCE_UCC,PUBLISHED_CE_UCC,,,,,1
910104,EXCLUDED,MILESTONE_2_SHELTER_UCC,CONCORDANCE_ONLY_UCC,I,SHELTER,,,
910105,EXCLUDED,MILESTONE_2_SHELTER_UCC,CONCORDANCE_ONLY_UCC,I,SHELTER,,,
910106,EXCLUDED,MILESTONE_2_SHELTER_UCC,CONCORDANCE_ONLY_UCC,I,SHELTER,,,
910107,EXCLUDED,MILESTONE_2_SHELTER_UCC,CONCORDANCE_ONLY_UCC,I,SHELTER,,,
920010,EXCLUDED,NOT_DIRECT_CONCORDANCE_UCC,PUBLISHED_CE_UCC,,,,,
920020,EXCLUDED,NOT_DIRECT_CONCORDANCE_UCC,PUBLISHED_CE_UCC,,,,,
920030,EXCLUDED,NOT_DIRECT_CONCORDANCE_UCC,PUBLISHED_CE_UCC,,,,,
920040,EXCLUDED,NOT_DIRECT_CONCORDANCE_UCC,PUBLISHED_CE_UCC,,,,,
920050,EXCLUDED,NOT_DIRECT_CONCORDANCE_UCC,PUBLISHED_CE_UCC,,,,,
950001,EXCLUDED,NOT_DIRECT_CONCORDANCE_UCC,PUBLISHED_CE_UCC,,,,,
950002,EXCLUDED,NOT_DIRECT_CONCORDANCE_UCC,PUBLISHED_CE_UCC,,,,,
950003,EXCLUDED,NOT_DIRECT_CONCORDANCE_UCC,PUBLISHED_CE_UCC,,,,,
950004,EXCLUDED,NOT_DIRECT_CONCORDANCE_UCC,PUBLISHED_CE_UCC,,,,,
950011,EXCLUDED,NOT_DIRECT_CONCORDANCE_UCC,PUBLISHED_CE_UCC,,,,,
950012,EXCLUDED,NOT_DIRECT_CONCORDANCE_UCC,PUBLISHED_CE_UCC,,,,,
950013,EXCLUDED,NOT_DIRECT_CONCORDANCE_UCC,PUBLISHED_CE_UCC,,,,,
950014,EXCLUDED,NOT_DIRECT_CONCORDANCE_UCC,PUBLISHED_CE_UCC,,,,,
950021,EXCLUDED,NOT_DIRECT_CONCORDANCE_UCC,PUBLISHED_CE_UCC,,,,,1
950022,EXCLUDED,NOT_DIRECT_CONCORDANCE_UCC,PUBLISHED_CE_UCC,,,,,
950023,EXCLUDED,NOT_DIRECT_CONCORDANCE_UCC,PUBLISHED_CE_UCC,,,,,
950024,EXCLUDED,NOT_DIRECT_CONCORDANCE_UCC,PUBLISHED_CE_UCC,,,63.0,,1
950040,EXCLUDED,NOT_DIRECT_CONCORDANCE_UCC,PUBLISHED_CE_UCC,,,,,
980010,EXCLUDED,NOT_DIRECT_CONCORDANCE_UCC,PUBLISHED_CE_UCC,,,,,1
980020,EXCLUDED,NOT_DIRECT_CONCORDANCE_UCC,PUBLISHED_CE_UCC,,,,,1
980030,EXCLUDED,NOT_DIRECT_CONCORDANCE_UCC,PUBLISHED_CE_UCC,,,,,1
980040,EXCLUDED,NOT_DIRECT_CONCORDANCE_UCC,PUBLISHED_CE_UCC,,,,,1
980050,EXCLUDED,NOT_DIRECT_CONCORDANCE_UCC,PUBLISHED_CE_UCC,,,,,1
980060,EXCLUDED,NOT_DIRECT_CONCORDANCE_UCC,PUBLISHED_CE_UCC,,,,,1
980070,EXCLUDED,NOT_DIRECT_CONCORDANCE_UCC,PUBLISHED_CE_UCC,,,,,
980071,EXCLUDED,NOT_DIRECT_CONCORDANCE_UCC,PUBLISHED_CE_UCC,,,,,
980210,EXCLUDED,NOT_DIRECT_CONCORDANCE_UCC,PUBLISHED_CE_UCC,,,,,1
980220,EXCLUDED,NOT_DIRECT_CONCORDANCE_UCC,PUBLISHED_CE_UCC,,,,,1
980230,EXCLUDED,NOT_DIRECT_CONCORDANCE_UCC,PUBLISHED_CE_UCC,,,,,1
980240,EXCLUDED,NOT_DIRECT_CONCORDANCE_UCC,PUBLISHED_CE_UCC,,,,,1
980260,EXCLUDED,NOT_DIRECT_CONCORDANCE_UCC,PUBLISHED_CE_UCC,,,,,1
980270,EXCLUDED,NOT_DIRECT_CONCORDANCE_UCC,PUBLISHED_CE_UCC,,,,,1
980281,EXCLUDED,NOT_DIRECT_CONCORDANCE_UCC,PUBLISHED_CE_UCC,,,,,1
980282,EXCLUDED,NOT_DIRECT_CONCORDANCE_UCC,PUBLISHED_CE_UCC,,,,,1
980283,EXCLUDED,NOT_DIRECT_CONCORDANCE_UCC,PUBLISHED_CE_UCC,,,,,1
980285,EXCLUDED,NOT_DIRECT_CONCORDANCE_UCC,PUBLISHED_CE_UCC,,,,,1
980286,EXCLUDED,NOT_DIRECT_CONCORDANCE_UCC,PUBLISHED_CE_UCC,,,,,1
980290,EXCLUDED,NOT_DIRECT_CONCORDANCE_UCC,PUBLISHED_CE_UCC,,,,,1
980300,EXCLUDED,NOT_DIRECT_CONCORDANCE_UCC,PUBLISHED_CE_UCC,,,,,1
980310,EXCLUDED,NOT_DIRECT_CONCORDANCE_UCC,PUBLISHED_CE_UCC,,,,,1
980320,EXCLUDED,NOT_DIRECT_CONCORDANCE_UCC,PUBLISHED_CE_UCC,,,,,1
980330,EXCLUDED,NOT_DIRECT_CONCORDANCE_UCC,PUBLISHED_CE_UCC,,,,,1
980340,EXCLUDED,NOT_DIRECT_CONCORDANCE_UCC,PUBLISHED_CE_UCC,,,,,1
980350,EXCLUDED,NOT_DIRECT_CONCORDANCE_UCC,PUBLISHED_CE_UCC,,,,,1
980360,EXCLUDED,NOT_DIRECT_CONCORDANCE_UCC,PUBLISHED_CE_UCC,,,,,1
990900,EXCLUDED,NOT_DIRECT_CONCORDANCE_UCC,PUBLISHED_CE_UCC,,,,,1
990920,EXCLUDED,NOT_DIRECT_CONCORDANCE_UCC,PUBLISHED_CE_UCC,,,2.0,,1
990930,EXCLUDED,NOT_DIRECT_CONCORDANCE_UCC,PUBLISHED_CE_UCC,,,,,1
990940,EXCLUDED,NOT_DIRECT_CONCORDANCE_UCC,PUBLISHED_CE_UCC,,,,,1
990950,EXCLUDED,NOT_DIRECT_CONCORDANCE_UCC,PUBLISHED_CE_UCC,,,,,1
