ucc,ucc_title,subcategory_code,domain_label,mapping_status,computation_node,destination_eli_count,destination_elis,destination_nodes,exception_reason,bls_multi_eli_footnote
010119,Flour And Prepared Flour Mixes,FOODTOTL,Food,DIRECT,FOOD,1,FA011,FOOD,,false
010210,"Cereal, Breakfast, & Granola Bars",FOODTOTL,Food,DIRECT,FOOD,1,FA021,FOOD,,false
010310,Rice,FOODTOTL,Food,DIRECT,FOOD,1,FA031,FOOD,,false
010320,Pasta Cornmeal Oth Cereal Prods,FOODTOTL,Food,DIRECT,FOOD,1,FA031,FOOD,,false
020219,Bread,FOODTOTL,Food,DIRECT,FOOD,1,FB011,FOOD,,false
020310,"Fresh Biscuits, Rolls, Muffins",FOODTOTL,Food,DIRECT,FOOD,1,FB021,FOOD,,false
020410,Cakes And Cupcakes,FOODTOTL,Food,DIRECT,FOOD,1,FB031,FOOD,,false
020510,Cookies,FOODTOTL,Food,DIRECT,FOOD,1,FB032,FOOD,,false
020610,Crackers,FOODTOTL,Food,DIRECT,FOOD,1,FB041,FOOD,,false
020620,Bread And Cracker Products,FOODTOTL,Food,DIRECT,FOOD,1,FB041,FOOD,,false
020710,"Doughnuts,Sweetrolls,Coffecake",FOODTOTL,Food,DIRECT,FOOD,1,FB042,FOOD,,false
020810,Frozen & Refrig. Bakery Prod.,FOODTOTL,Food,DIRECT,FOOD,1,FB043,FOOD,,false
020820,"Fresh Pies, Tarts, Turnovers",FOODTOTL,Food,DIRECT,FOOD,1,FB044,FOOD,,false
030110,Ground Beef Exclude Canned,FOODTOTL,Food,DIRECT,FOOD,1,FC011,FOOD,,false
030219,Uncooked Beef Roasts,FOODTOTL,Food,DIRECT,FOOD,1,FC021,FOOD,,false
030519,Uncooked Beef Steaks,FOODTOTL,Food,DIRECT,FOOD,1,FC031,FOOD,,false
030810,Other Beef (Exclude Canned),FOODTOTL,Food,DIRECT,FOOD,1,FC041,FOOD,,false
040119,"Bacon, Breakfast Sausage And Rela",FOODTOTL,Food,DIRECT,FOOD,1,FD011,FOOD,,false
040210,Pork Chops,FOODTOTL,Food,DIRECT,FOOD,1,FD031,FOOD,,false
040319,Ham,FOODTOTL,Food,DIRECT,FOOD,1,FD021,FOOD,,false
040410,Other Pork,FOODTOTL,Food,DIRECT,FOOD,1,FD041,FOOD,,false
050110,Frankfurters,FOODTOTL,Food,DIRECT,FOOD,1,FE011,FOOD,,false
050319,Lunchmeats,FOODTOTL,Food,DIRECT,FOOD,1,FE012,FOOD,,false
050419,"Lamb, Organ Meats, And Game",FOODTOTL,Food,DIRECT,FOOD,1,FE013,FOOD,,false
060119,Chicken,FOODTOTL,Food,DIRECT,FOOD,1,FF011,FOOD,,false
060310,Other Poultry,FOODTOTL,Food,DIRECT,FOOD,1,FF021,FOOD,,false
070119,Processed Fish And Seafood,FOODTOTL,Food,DIRECT,FOOD,1,FG021,FOOD,,false
070230,Fresh Fish & Shellfish,FOODTOTL,Food,DIRECT,FOOD,1,FG011,FOOD,,false
080110,Eggs,FOODTOTL,Food,DIRECT,FOOD,1,FH011,FOOD,,false
090110,Fresh Milk All Types,FOODTOTL,Food,DIRECT,FOOD,1,FJ011,FOOD,,false
100119,Butter And Margarine,FOODTOTL,Food,DIRECT,FOOD,1,FS011,FOOD,,false
100210,Cheese,FOODTOTL,Food,DIRECT,FOOD,1,FJ021,FOOD,,false
100410,Ice Cream And Related Products,FOODTOTL,Food,DIRECT,FOOD,1,FJ031,FOOD,,false
100519,Other Dairy And Related Products,FOODTOTL,Food,DIRECT,FOOD,1,FJ041,FOOD,,false
110110,Apples,FOODTOTL,Food,DIRECT,FOOD,1,FK011,FOOD,,false
110210,Bananas,FOODTOTL,Food,DIRECT,FOOD,1,FK021,FOOD,,false
110319,Citrus Fruits,FOODTOTL,Food,DIRECT,FOOD,1,FK031,FOOD,,false
110410,Other Fresh Fruits,FOODTOTL,Food,DIRECT,FOOD,1,FK041,FOOD,,false
120110,Potatoes,FOODTOTL,Food,DIRECT,FOOD,1,FL011,FOOD,,false
120210,Lettuce,FOODTOTL,Food,DIRECT,FOOD,1,FL021,FOOD,,false
120310,Tomatoes,FOODTOTL,Food,DIRECT,FOOD,1,FL031,FOOD,,false
120410,Other Fresh Vegetables,FOODTOTL,Food,DIRECT,FOOD,1,FL041,FOOD,,false
130119,Frozen Noncarbonated Juices And Drinks,FOODTOTL,Food,DIRECT,FOOD,1,FN021,FOOD,,false
130129,Frozen Fruits And Vegetables,FOODTOTL,Food,DIRECT,FOOD,1,FM021,FOOD,,false
140219,Canned Fruits And Vegetables,FOODTOTL,Food,DIRECT,FOOD,1,FM011,FOOD,,false
140349,Dried Fruits And Vegetables,FOODTOTL,Food,DIRECT,FOOD,1,FM031,FOOD,,false
150110,Candy And Chewing Gum,FOODTOTL,Food,DIRECT,FOOD,1,FR021,FOOD,,false
150219,Sugar And Artificial Sweeteners,FOODTOTL,Food,DIRECT,FOOD,1,FR011,FOOD,,false
150310,Other Sweets,FOODTOTL,Food,DIRECT,FOOD,1,FR031,FOOD,,false
160211,Fats & Oils,FOODTOTL,Food,DIRECT,FOOD,1,FS032,FOOD,,false
160212,Salad Dressings,FOODTOTL,Food,DIRECT,FOOD,1,FS021,FOOD,,false
160320,Peanut Butter,FOODTOTL,Food,DIRECT,FOOD,1,FS031,FOOD,,false
170110,Cola Drinks,FOODTOTL,Food,DIRECT,FOOD,1,FN011,FOOD,,false
170210,Other Carbonated Drinks,FOODTOTL,Food,DIRECT,FOOD,1,FN011,FOOD,,false
170319,Coffee,FOODTOTL,Food,DIRECT,FOOD,1,FP011,FOOD,,false
170520,Tea,FOODTOTL,Food,DIRECT,FOOD,1,FP021,FOOD,,false
170531,Other Noncarb. Beverages/Ice,FOODTOTL,Food,DIRECT,FOOD,1,FP022,FOOD,,false
170539,Nonfrozen Noncarbonated Juices An,FOODTOTL,Food,DIRECT,FOOD,1,FN031,FOOD,,false
180110,Soup,FOODTOTL,Food,DIRECT,FOOD,1,FT011,FOOD,,false
180210,Frozen Meals,FOODTOTL,Food,DIRECT,FOOD,1,FT021,FOOD,,false
180220,Froz/Prep. Food Oth Than Meals,FOODTOTL,Food,DIRECT,FOOD,1,FT021,FOOD,,false
180310,Potato Chips And Other Snacks,FOODTOTL,Food,DIRECT,FOOD,1,FT031,FOOD,,false
180320,Nuts,FOODTOTL,Food,DIRECT,FOOD,1,FT031,FOOD,,false
180410,Salt/Other Seasonings & Spices,FOODTOTL,Food,DIRECT,FOOD,1,FT041,FOOD,,false
180420,"Olives, Pickles, Relishes",FOODTOTL,Food,DIRECT,FOOD,1,FT042,FOOD,,false
180510,Sauces And Gravies,FOODTOTL,Food,DIRECT,FOOD,1,FT043,FOOD,,false
180520,Other Condiments,FOODTOTL,Food,DIRECT,FOOD,1,FT044,FOOD,,false
180611,Prepared Salads,FOODTOTL,Food,DIRECT,FOOD,1,FT061,FOOD,,false
180612,Prepared Desserts,FOODTOTL,Food,DIRECT,FOOD,1,FT062,FOOD,,false
180620,Baby Food,FOODTOTL,Food,DIRECT,FOOD,1,FT051,FOOD,,false
180710,Misc. Prepared Foods,FOODTOTL,Food,DIRECT,FOOD,1,FT062,FOOD,,false
190400,Food/Nonalc Bev - Fast Food,FOODTOTL,Food,DIRECT,FOOD,1,FV021,FOOD,,false
190500,Food/Nonalc Bev - Full Service,FOODTOTL,Food,DIRECT,FOOD,1,FV011,FOOD,,false
190600,Food/Nonalc Bev - Vending,FOODTOTL,Food,DIRECT,FOOD,1,FV041,FOOD,,false
190700,Food/Nonalc Bev - Employer,FOODTOTL,Food,DIRECT,FOOD,1,FV031,FOOD,,false
190902,Food And Bev For Catered Affairs,FOODTOTL,Food,DIRECT,FOOD,1,FV051,FOOD,,false
190903,Food on out of town trips,FOODTOTL,Food,UNRESOLVED,,0,,,NO_CONCORDANCE,false
190904,Food prepared by consumer unit on out of town trips,FOODTOTL,Food,UNRESOLVED,,0,,,NO_CONCORDANCE,false
190905,School Meals And Board,FOODTOTL,Food,DIRECT,FOOD,1,FV051,FOOD,,false
200119,"Beer, Ale, And Other Malt Beverag",ALCBEVG,Alcoholic beverages,DIRECT,ALCOHOLIC_BEVERAGES,1,FW011,ALCOHOLIC_BEVERAGES,,false
200219,Distilled Spirits At Home,ALCBEVG,Alcoholic beverages,DIRECT,ALCOHOLIC_BEVERAGES,1,FW021,ALCOHOLIC_BEVERAGES,,false
200310,Wine At Home,ALCBEVG,Alcoholic beverages,DIRECT,ALCOHOLIC_BEVERAGES,1,FW031,ALCOHOLIC_BEVERAGES,,false
200900,Alcoholic beverages purchased on trips,ALCBEVG,Alcoholic beverages,UNRESOLVED,,0,,,NO_CONCORDANCE,false
210110,Rent Of Dwelling,HOUSING,Housing,DIRECT,SHELTER,1,HA011,SHELTER,,false
210210,Lodging Away From Home,HOUSING,Housing,DIRECT,SHELTER,1,HB021,SHELTER,,false
210310,Housing For Someone At School,HOUSING,Housing,DIRECT,SHELTER,1,HB011,SHELTER,,false
210901,Ground rent,HOUSING,Housing,UNRESOLVED,,0,,,NO_CONCORDANCE,false
210902,Ground rent,HOUSING,Housing,UNRESOLVED,,0,,,NO_CONCORDANCE,false
220121,Homeowners Insurance Ownd,HOUSING,Housing,DIRECT,SHELTER,1,HD011,SHELTER,,false
220122,Homeowners insurance,HOUSING,Housing,UNRESOLVED,,0,,,NO_CONCORDANCE,false
220211,Property taxes,HOUSING,Housing,UNRESOLVED,,0,,,NO_CONCORDANCE,false
220212,Property taxes,HOUSING,Housing,UNRESOLVED,,0,,,NO_CONCORDANCE,false
220311,Mortgage interest,HOUSING,Housing,UNRESOLVED,,0,,,NO_CONCORDANCE,false
220312,Mortgage interest,HOUSING,Housing,UNRESOLVED,,0,,,NO_CONCORDANCE,false
220313,"Interest paid, home equity loan",HOUSING,Housing,UNRESOLVED,,0,,,NO_CONCORDANCE,false
220314,"Interest paid, home equity loan",HOUSING,Housing,UNRESOLVED,,0,,,NO_CONCORDANCE,false
220901,Parking,HOUSING,Housing,UNRESOLVED,,0,,,NO_CONCORDANCE,false
220902,Parking,HOUSING,Housing,UNRESOLVED,,0,,,NO_CONCORDANCE,false
230112,Painting/Papering Labor/Mat Ownd,HOUSING,Housing,DIRECT,HOUSEHOLD_FURNISHINGS_OPERATIONS,1,HP043,HOUSEHOLD_FURNISHINGS_OPERATIONS,,false
230113,Plumbing and water heating,HOUSING,Housing,UNRESOLVED,,0,,,NO_CONCORDANCE,false
230114,"Heat, a/c, and electrical work",HOUSING,Housing,UNRESOLVED,,0,,,NO_CONCORDANCE,false
230115,Roofing and gutters,HOUSING,Housing,UNRESOLVED,,0,,,NO_CONCORDANCE,false
230117,Repl Dishwash/Disp/Hood Rntr,HOUSING,Housing,DIRECT,HOUSEHOLD_FURNISHINGS_OPERATIONS,1,HP043,HOUSEHOLD_FURNISHINGS_OPERATIONS,,false
230118,Repl Dishwash/Disp/Hood Ownd,HOUSING,Housing,DIRECT,HOUSEHOLD_FURNISHINGS_OPERATIONS,1,HP043,HOUSEHOLD_FURNISHINGS_OPERATIONS,,false
230141,Repair-Displ/Dwshr/Rang Hd Rntr,HOUSING,Housing,DIRECT,HOUSEHOLD_FURNISHINGS_OPERATIONS,1,HP041,HOUSEHOLD_FURNISHINGS_OPERATIONS,,false
230142,Repair-Displ/Dwshr/Rang Hd Ownd,HOUSING,Housing,DIRECT,HOUSEHOLD_FURNISHINGS_OPERATIONS,1,HP041,HOUSEHOLD_FURNISHINGS_OPERATIONS,,false
230143,"Home warranties, maintenance, repairs, or services contracts on household appliances (owner)",HOUSING,Housing,UNRESOLVED,,0,,,NO_CONCORDANCE,false
230144,"Home warranties, maintenance, repairs, or services contracts on household appliances (owner)",HOUSING,Housing,UNRESOLVED,,0,,,NO_CONCORDANCE,false
230150,Rep/Maint Labor/Mat Rntr,HOUSING,Housing,DIRECT,HOUSEHOLD_FURNISHINGS_OPERATIONS,1,HP043,HOUSEHOLD_FURNISHINGS_OPERATIONS,,false
230151,Other repair and maintenance services,HOUSING,Housing,UNRESOLVED,,0,,,NO_CONCORDANCE,false
230152,Repair and remodeling services,HOUSING,Housing,UNRESOLVED,,0,,,NO_CONCORDANCE,false
230901,Property management,HOUSING,Housing,UNRESOLVED,,0,,,NO_CONCORDANCE,false
230902,Property management,HOUSING,Housing,UNRESOLVED,,0,,,NO_CONCORDANCE,false
240111,Paint/Wallpaper And Supp Rntr,HOUSING,Housing,DIRECT,HOUSEHOLD_FURNISHINGS_OPERATIONS,1,HM011,HOUSEHOLD_FURNISHINGS_OPERATIONS,,false
240112,Paint/Wallpaper And Supp Ownd,HOUSING,Housing,DIRECT,HOUSEHOLD_FURNISHINGS_OPERATIONS,1,HM011,HOUSEHOLD_FURNISHINGS_OPERATIONS,,false
240113,"Paints, wallpaper, and supplies",HOUSING,Housing,UNRESOLVED,,0,,,NO_CONCORDANCE,false
240121,Equip For Paint/Wpaper Rntr,HOUSING,Housing,DIRECT,HOUSEHOLD_FURNISHINGS_OPERATIONS,1,HM011,HOUSEHOLD_FURNISHINGS_OPERATIONS,,false
240122,Equip For Paint/Wpaper Ownd,HOUSING,Housing,DIRECT,HOUSEHOLD_FURNISHINGS_OPERATIONS,1,HM011,HOUSEHOLD_FURNISHINGS_OPERATIONS,,false
240123,Tools and equipment for painting and wallpapering,HOUSING,Housing,UNRESOLVED,,0,,,NO_CONCORDANCE,false
240211,"Mat For Panl/Roof/Siding,Etc Rntr",HOUSING,Housing,DIRECT,HOUSEHOLD_FURNISHINGS_OPERATIONS,1,HM090,HOUSEHOLD_FURNISHINGS_OPERATIONS,,false
240212,"Mat For Panel/Siding, Etc Ownd",HOUSING,Housing,DIRECT,HOUSEHOLD_FURNISHINGS_OPERATIONS,1,HM090,HOUSEHOLD_FURNISHINGS_OPERATIONS,,false
240213,Materials and equipment for roofs and gutters,HOUSING,Housing,UNRESOLVED,,0,,,NO_CONCORDANCE,false
240214,"Materials for plastering, paneling, roofing, gutters, downspouts, siding, windows, doors, screens, and awnings",HOUSING,Housing,UNRESOLVED,,0,,,NO_CONCORDANCE,false
240221,"Mat For Patio,Masonry,Etc Rntr",HOUSING,Housing,DIRECT,HOUSEHOLD_FURNISHINGS_OPERATIONS,1,HM090,HOUSEHOLD_FURNISHINGS_OPERATIONS,,false
240222,"Mat For Patio,Masonry,Etc Ownd",HOUSING,Housing,DIRECT,HOUSEHOLD_FURNISHINGS_OPERATIONS,1,HM090,HOUSEHOLD_FURNISHINGS_OPERATIONS,,false
240223,"Material for patio, walk, fence, drive, masonry, brick, and stucco",HOUSING,Housing,UNRESOLVED,,0,,,NO_CONCORDANCE,false
240311,Plumbing Supp/Equip Rntr,HOUSING,Housing,DIRECT,HOUSEHOLD_FURNISHINGS_OPERATIONS,1,HM090,HOUSEHOLD_FURNISHINGS_OPERATIONS,,false
240312,Plumbing Supp/Equip Ownd,HOUSING,Housing,DIRECT,HOUSEHOLD_FURNISHINGS_OPERATIONS,1,HM090,HOUSEHOLD_FURNISHINGS_OPERATIONS,,false
240313,Plumbing supplies and equipment,HOUSING,Housing,UNRESOLVED,,0,,,NO_CONCORDANCE,false
240321,"Elec Supp, Heat/Cool Equip Rntr",HOUSING,Housing,DIRECT,HOUSEHOLD_FURNISHINGS_OPERATIONS,1,HM090,HOUSEHOLD_FURNISHINGS_OPERATIONS,,false
240322,"Elec Supp,Heat/Cool Equip Ownd",HOUSING,Housing,DIRECT,HOUSEHOLD_FURNISHINGS_OPERATIONS,1,HM090,HOUSEHOLD_FURNISHINGS_OPERATIONS,,false
240323,"Electrical supplies, heating, and cooling equipment",HOUSING,Housing,UNRESOLVED,,0,,,NO_CONCORDANCE,false
250111,Fuel Oil Rntr,HOUSING,Housing,DIRECT,HOUSEHOLD_ENERGY,1,HE011,HOUSEHOLD_ENERGY,,false
250112,Fuel Oil Ownd,HOUSING,Housing,DIRECT,HOUSEHOLD_ENERGY,1,HE011,HOUSEHOLD_ENERGY,,false
250113,Fuel Oil Ownv,HOUSING,Housing,DIRECT,HOUSEHOLD_ENERGY,1,HE011,HOUSEHOLD_ENERGY,,false
250114,Fuel Oil Rntv,HOUSING,Housing,DIRECT,HOUSEHOLD_ENERGY,1,HE011,HOUSEHOLD_ENERGY,,false
250211,"Gas, Bottled Or Tank Rntr",HOUSING,Housing,DIRECT,HOUSEHOLD_ENERGY,1,HE021,HOUSEHOLD_ENERGY,,false
250212,"Gas, Bottled Or Tank Ownd",HOUSING,Housing,DIRECT,HOUSEHOLD_ENERGY,1,HE021,HOUSEHOLD_ENERGY,,false
250213,"Gas,Bottled Or Tank - Ownv & Rvs",HOUSING,Housing,DIRECT,HOUSEHOLD_ENERGY,1,HE021,HOUSEHOLD_ENERGY,,false
250214,"Gas, Bottled Or Tank Rntv",HOUSING,Housing,DIRECT,HOUSEHOLD_ENERGY,1,HE021,HOUSEHOLD_ENERGY,,false
250911,Other Fuels Rntr,HOUSING,Housing,DIRECT,HOUSEHOLD_ENERGY,1,HE021,HOUSEHOLD_ENERGY,,false
250912,Other Fuels Ownd,HOUSING,Housing,DIRECT,HOUSEHOLD_ENERGY,1,HE021,HOUSEHOLD_ENERGY,,false
250913,Other Fuels Ownv,HOUSING,Housing,DIRECT,HOUSEHOLD_ENERGY,1,HE021,HOUSEHOLD_ENERGY,,false
250914,Other Fuels Rntv,HOUSING,Housing,DIRECT,HOUSEHOLD_ENERGY,1,HE021,HOUSEHOLD_ENERGY,,false
260111,Electricity Rntr,HOUSING,Housing,DIRECT,HOUSEHOLD_ENERGY,1,HF011,HOUSEHOLD_ENERGY,,false
260112,Electricity Ownd,HOUSING,Housing,DIRECT,HOUSEHOLD_ENERGY,1,HF011,HOUSEHOLD_ENERGY,,false
260113,Electricity Ownv,HOUSING,Housing,DIRECT,HOUSEHOLD_ENERGY,1,HF011,HOUSEHOLD_ENERGY,,false
260114,Electricity Rntv,HOUSING,Housing,DIRECT,HOUSEHOLD_ENERGY,1,HF011,HOUSEHOLD_ENERGY,,false
260211,Utility--Natural Gas Rntr,HOUSING,Housing,DIRECT,HOUSEHOLD_ENERGY,1,HF021,HOUSEHOLD_ENERGY,,false
260212,Utility--Natural Gas Ownd,HOUSING,Housing,DIRECT,HOUSEHOLD_ENERGY,1,HF021,HOUSEHOLD_ENERGY,,false
260213,Utility--Natural Gas Ownv,HOUSING,Housing,DIRECT,HOUSEHOLD_ENERGY,1,HF021,HOUSEHOLD_ENERGY,,false
260214,Utility--Natural Gas Rntv,HOUSING,Housing,DIRECT,HOUSEHOLD_ENERGY,1,HF021,HOUSEHOLD_ENERGY,,false
270102,Cellular Phone Service,HOUSING,Housing,MULTI_SAME_NODE,EDUCATION_COMMUNICATION,2,ED031|EE041,EDUCATION_COMMUNICATION,,true
270104,Phone cards,HOUSING,Housing,UNRESOLVED,,0,,,NO_CONCORDANCE,false
270106,Residential Telephone Incl Voip,HOUSING,Housing,DIRECT,EDUCATION_COMMUNICATION,1,ED041,EDUCATION_COMMUNICATION,,false
270211,Water And Sewerage Maint Rntr,HOUSING,Housing,DIRECT,WATER_SEWER_TRASH,1,HG011,WATER_SEWER_TRASH,,false
270212,Water And Sewerage Maint Ownd,HOUSING,Housing,DIRECT,WATER_SEWER_TRASH,1,HG011,WATER_SEWER_TRASH,,false
270213,Water And Sewerage Maint Ownv,HOUSING,Housing,DIRECT,WATER_SEWER_TRASH,1,HG011,WATER_SEWER_TRASH,,false
270214,Water And Sewerage Maint Rntv,HOUSING,Housing,DIRECT,WATER_SEWER_TRASH,1,HG011,WATER_SEWER_TRASH,,false
270411,Trash/Garbage Collect Rntr,HOUSING,Housing,DIRECT,WATER_SEWER_TRASH,1,HG021,WATER_SEWER_TRASH,,false
270412,Trash/Garbage Collect Ownd,HOUSING,Housing,DIRECT,WATER_SEWER_TRASH,1,HG021,WATER_SEWER_TRASH,,false
270413,Trash/Garbage Collect Ownv,HOUSING,Housing,DIRECT,WATER_SEWER_TRASH,1,HG021,WATER_SEWER_TRASH,,false
270414,Trash/Garbage Collect Rntv,HOUSING,Housing,DIRECT,WATER_SEWER_TRASH,1,HG021,WATER_SEWER_TRASH,,false
270901,Septic Tank Cleaning Rntr,HOUSING,Housing,DIRECT,HOUSEHOLD_FURNISHINGS_OPERATIONS,1,HP090,HOUSEHOLD_FURNISHINGS_OPERATIONS,,false
270902,Septic Tank Cleaning Ownd,HOUSING,Housing,DIRECT,HOUSEHOLD_FURNISHINGS_OPERATIONS,1,HP090,HOUSEHOLD_FURNISHINGS_OPERATIONS,,false
270903,Septic tank cleaning (owned vacation),HOUSING,Housing,UNRESOLVED,,0,,,NO_CONCORDANCE,false
270904,Septic tank cleaning (rented vacation),HOUSING,Housing,UNRESOLVED,,0,,,NO_CONCORDANCE,false
270906,Septic tank cleaning (renter),HOUSING,Housing,UNRESOLVED,,0,,,NO_CONCORDANCE,false
270907,Septic Tank Cleaning Ownr,HOUSING,Housing,DIRECT,HOUSEHOLD_FURNISHINGS_OPERATIONS,1,HP090,HOUSEHOLD_FURNISHINGS_OPERATIONS,,false
280110,Bathroom Linens,HOUSING,Housing,DIRECT,HOUSEHOLD_FURNISHINGS_OPERATIONS,1,HH031,HOUSEHOLD_FURNISHINGS_OPERATIONS,,false
280120,Bedroom Linens,HOUSING,Housing,DIRECT,HOUSEHOLD_FURNISHINGS_OPERATIONS,1,HH032,HOUSEHOLD_FURNISHINGS_OPERATIONS,,false
280140,Kitchen/Dining Room/Othr Linens,HOUSING,Housing,DIRECT,HOUSEHOLD_FURNISHINGS_OPERATIONS,1,HH033,HOUSEHOLD_FURNISHINGS_OPERATIONS,,false
280210,Curtains And Drapes,HOUSING,Housing,DIRECT,HOUSEHOLD_FURNISHINGS_OPERATIONS,1,HH021,HOUSEHOLD_FURNISHINGS_OPERATIONS,,false
280220,Slipcovers/Decorative Pillows,HOUSING,Housing,DIRECT,HOUSEHOLD_FURNISHINGS_OPERATIONS,1,HJ021,HOUSEHOLD_FURNISHINGS_OPERATIONS,,false
290110,Mattress And Springs,HOUSING,Housing,DIRECT,HOUSEHOLD_FURNISHINGS_OPERATIONS,1,HJ011,HOUSEHOLD_FURNISHINGS_OPERATIONS,,false
290120,Other Bedroom Furniture,HOUSING,Housing,DIRECT,HOUSEHOLD_FURNISHINGS_OPERATIONS,1,HJ012,HOUSEHOLD_FURNISHINGS_OPERATIONS,,false
290210,Sofas,HOUSING,Housing,DIRECT,HOUSEHOLD_FURNISHINGS_OPERATIONS,1,HJ021,HOUSEHOLD_FURNISHINGS_OPERATIONS,,false
290310,Living Room Chairs,HOUSING,Housing,DIRECT,HOUSEHOLD_FURNISHINGS_OPERATIONS,1,HJ022,HOUSEHOLD_FURNISHINGS_OPERATIONS,,false
290320,Living Room Tables,HOUSING,Housing,DIRECT,HOUSEHOLD_FURNISHINGS_OPERATIONS,1,HJ023,HOUSEHOLD_FURNISHINGS_OPERATIONS,,false
290410,Kitchen/Dining Room Furniture,HOUSING,Housing,DIRECT,HOUSEHOLD_FURNISHINGS_OPERATIONS,1,HJ024,HOUSEHOLD_FURNISHINGS_OPERATIONS,,false
290420,Infants Furniture,HOUSING,Housing,DIRECT,HOUSEHOLD_FURNISHINGS_OPERATIONS,1,HJ031,HOUSEHOLD_FURNISHINGS_OPERATIONS,,false
290430,Outdoor Furniture,HOUSING,Housing,DIRECT,HOUSEHOLD_FURNISHINGS_OPERATIONS,1,HJ032,HOUSEHOLD_FURNISHINGS_OPERATIONS,,false
290440,"Wall Units, Cabinets, Occas Furn",HOUSING,Housing,DIRECT,HOUSEHOLD_FURNISHINGS_OPERATIONS,1,HJ033,HOUSEHOLD_FURNISHINGS_OPERATIONS,,false
300111,Purch/Inst Refrig/Freezer Rntr,HOUSING,Housing,DIRECT,HOUSEHOLD_FURNISHINGS_OPERATIONS,1,HK011,HOUSEHOLD_FURNISHINGS_OPERATIONS,,false
300112,Purch/Inst Refrig/Freezer Ownd,HOUSING,Housing,DIRECT,HOUSEHOLD_FURNISHINGS_OPERATIONS,1,HK011,HOUSEHOLD_FURNISHINGS_OPERATIONS,,false
300216,Purch/Inst Clths Washr/Dryr Rntr,HOUSING,Housing,DIRECT,HOUSEHOLD_FURNISHINGS_OPERATIONS,1,HK012,HOUSEHOLD_FURNISHINGS_OPERATIONS,,false
300217,Purch/Inst Clths Washr/Dryr Ownd,HOUSING,Housing,DIRECT,HOUSEHOLD_FURNISHINGS_OPERATIONS,1,HK012,HOUSEHOLD_FURNISHINGS_OPERATIONS,,false
300311,"Stoves, Ovens Rntr",HOUSING,Housing,DIRECT,HOUSEHOLD_FURNISHINGS_OPERATIONS,1,HK013,HOUSEHOLD_FURNISHINGS_OPERATIONS,,false
300312,"Stoves, Ovens Ownd",HOUSING,Housing,DIRECT,HOUSEHOLD_FURNISHINGS_OPERATIONS,1,HK013,HOUSEHOLD_FURNISHINGS_OPERATIONS,,false
300321,Microwave Ovens Rntr,HOUSING,Housing,DIRECT,HOUSEHOLD_FURNISHINGS_OPERATIONS,1,HK014,HOUSEHOLD_FURNISHINGS_OPERATIONS,,false
300322,Microwave Ovens Ownd,HOUSING,Housing,DIRECT,HOUSEHOLD_FURNISHINGS_OPERATIONS,1,HK014,HOUSEHOLD_FURNISHINGS_OPERATIONS,,false
300331,Purch/Inst Port Dishwasher Rntr,HOUSING,Housing,DIRECT,HOUSEHOLD_FURNISHINGS_OPERATIONS,1,HK090,HOUSEHOLD_FURNISHINGS_OPERATIONS,,false
300332,Purch/Inst Port Dishwasher Ownd,HOUSING,Housing,DIRECT,HOUSEHOLD_FURNISHINGS_OPERATIONS,1,HK090,HOUSEHOLD_FURNISHINGS_OPERATIONS,,false
300411,Purch/Inst Window A/C Rntr,HOUSING,Housing,DIRECT,HOUSEHOLD_FURNISHINGS_OPERATIONS,1,HK023,HOUSEHOLD_FURNISHINGS_OPERATIONS,,false
300412,Purch/Inst Window A/C Ownd,HOUSING,Housing,DIRECT,HOUSEHOLD_FURNISHINGS_OPERATIONS,1,HK023,HOUSEHOLD_FURNISHINGS_OPERATIONS,,false
300900,Miscellaneous household appliances,HOUSING,Housing,UNRESOLVED,,0,,,NO_CONCORDANCE,false
320111,Floor Coverings (Non-Perm.),HOUSING,Housing,DIRECT,HOUSEHOLD_FURNISHINGS_OPERATIONS,1,HH011,HOUSEHOLD_FURNISHINGS_OPERATIONS,,false
320120,Window Coverings,HOUSING,Housing,DIRECT,HOUSEHOLD_FURNISHINGS_OPERATIONS,1,HH022,HOUSEHOLD_FURNISHINGS_OPERATIONS,,false
320130,Infants Equipment,HOUSING,Housing,DIRECT,OTHER_GOODS_SERVICES,1,GE013,OTHER_GOODS_SERVICES,,false
320140,Laundry And Cleaning Equip.,HOUSING,Housing,DIRECT,HOUSEHOLD_FURNISHINGS_OPERATIONS,1,HN012,HOUSEHOLD_FURNISHINGS_OPERATIONS,,false
320150,Barbeque Grills And Outdoor Equip,HOUSING,Housing,DIRECT,HOUSEHOLD_FURNISHINGS_OPERATIONS,1,HM021,HOUSEHOLD_FURNISHINGS_OPERATIONS,,false
320221,Lamps/Light Fixtures/Ceiling Fans,HOUSING,Housing,DIRECT,HOUSEHOLD_FURNISHINGS_OPERATIONS,1,HL011,HOUSEHOLD_FURNISHINGS_OPERATIONS,,false
320232,Telephones And Accessories,HOUSING,Housing,DIRECT,EDUCATION_COMMUNICATION,1,EE041,EDUCATION_COMMUNICATION,,false
320233,Clocks And Other Hh Decor Items,HOUSING,Housing,DIRECT,HOUSEHOLD_FURNISHINGS_OPERATIONS,1,HL012,HOUSEHOLD_FURNISHINGS_OPERATIONS,,false
320330,Flatware,HOUSING,Housing,DIRECT,HOUSEHOLD_FURNISHINGS_OPERATIONS,1,HL032,HOUSEHOLD_FURNISHINGS_OPERATIONS,,false
320345,Dishes/Cups/Glasses/Serving Piecs,HOUSING,Housing,DIRECT,HOUSEHOLD_FURNISHINGS_OPERATIONS,1,HL031,HOUSEHOLD_FURNISHINGS_OPERATIONS,,false
320370,Nonelectric Cookware,HOUSING,Housing,DIRECT,HOUSEHOLD_FURNISHINGS_OPERATIONS,1,HL041,HOUSEHOLD_FURNISHINGS_OPERATIONS,,false
320380,Tableware/Non-Elec. Kitware,HOUSING,Housing,DIRECT,HOUSEHOLD_FURNISHINGS_OPERATIONS,1,HL042,HOUSEHOLD_FURNISHINGS_OPERATIONS,,false
320410,Lawn And Garden Equipment,HOUSING,Housing,DIRECT,HOUSEHOLD_FURNISHINGS_OPERATIONS,1,HM021,HOUSEHOLD_FURNISHINGS_OPERATIONS,,false
320420,Power Tools,HOUSING,Housing,DIRECT,HOUSEHOLD_FURNISHINGS_OPERATIONS,1,HM012,HOUSEHOLD_FURNISHINGS_OPERATIONS,,false
320430,Other Hardware,HOUSING,Housing,DIRECT,HOUSEHOLD_FURNISHINGS_OPERATIONS,1,HM013,HOUSEHOLD_FURNISHINGS_OPERATIONS,,false
320511,Electric Floor Cleaning Equip,HOUSING,Housing,DIRECT,HOUSEHOLD_FURNISHINGS_OPERATIONS,1,HK021,HOUSEHOLD_FURNISHINGS_OPERATIONS,,false
320512,Sewing Machines,HOUSING,Housing,DIRECT,RECREATION,1,RE021,RECREATION,,false
320521,Small Electric Kitchen Appliances,HOUSING,Housing,DIRECT,HOUSEHOLD_FURNISHINGS_OPERATIONS,1,HK022,HOUSEHOLD_FURNISHINGS_OPERATIONS,,false
320522,Portable Heating/Cooling Equip,HOUSING,Housing,DIRECT,HOUSEHOLD_FURNISHINGS_OPERATIONS,1,HK023,HOUSEHOLD_FURNISHINGS_OPERATIONS,,false
320611,Constrct Mat-Rntr/Udr Cn/Sec Hm,HOUSING,Housing,DIRECT,HOUSEHOLD_FURNISHINGS_OPERATIONS,1,HM013,HOUSEHOLD_FURNISHINGS_OPERATIONS,,false
320612,Construction Mat Ownd,HOUSING,Housing,DIRECT,HOUSEHOLD_FURNISHINGS_OPERATIONS,1,HM013,HOUSEHOLD_FURNISHINGS_OPERATIONS,,false
320613,"Material for insulation, other maintenance, and repair",HOUSING,Housing,UNRESOLVED,,0,,,NO_CONCORDANCE,false
320624,Flooring Inst/Rep/Repl Rntr,HOUSING,Housing,DIRECT,HOUSEHOLD_FURNISHINGS_OPERATIONS,1,HH011,HOUSEHOLD_FURNISHINGS_OPERATIONS,,false
320625,Flooring Inst/Rep/Repl Ownd,HOUSING,Housing,DIRECT,HOUSEHOLD_FURNISHINGS_OPERATIONS,1,HH011,HOUSEHOLD_FURNISHINGS_OPERATIONS,,false
320626,"Flooring installation, repair, and replacement",HOUSING,Housing,UNRESOLVED,,0,,,NO_CONCORDANCE,false
320631,Lndscping Mat-Rntr/Udr Cn/Sc Hm,HOUSING,Housing,DIRECT,HOUSEHOLD_FURNISHINGS_OPERATIONS,1,HM090,HOUSEHOLD_FURNISHINGS_OPERATIONS,,false
320632,Landscaping Materials Ownd,HOUSING,Housing,DIRECT,HOUSEHOLD_FURNISHINGS_OPERATIONS,1,HM090,HOUSEHOLD_FURNISHINGS_OPERATIONS,,false
320633,Materials for landscaping maintenance,HOUSING,Housing,UNRESOLVED,,0,,,NO_CONCORDANCE,false
320901,Office Furniture Home Use,HOUSING,Housing,DIRECT,HOUSEHOLD_FURNISHINGS_OPERATIONS,1,HM090,HOUSEHOLD_FURNISHINGS_OPERATIONS,,false
320902,Hand Tools,HOUSING,Housing,DIRECT,HOUSEHOLD_FURNISHINGS_OPERATIONS,1,HM014,HOUSEHOLD_FURNISHINGS_OPERATIONS,,false
320903,"Indoor Plants, Fresh Flowers",HOUSING,Housing,DIRECT,HOUSEHOLD_FURNISHINGS_OPERATIONS,1,HL021,HOUSEHOLD_FURNISHINGS_OPERATIONS,,false
320904,Closet And Storage Items,HOUSING,Housing,DIRECT,HOUSEHOLD_FURNISHINGS_OPERATIONS,1,HM090,HOUSEHOLD_FURNISHINGS_OPERATIONS,,false
320905,Misc. Household Equip/Parts,HOUSING,Housing,DIRECT,HOUSEHOLD_FURNISHINGS_OPERATIONS,1,HM090,HOUSEHOLD_FURNISHINGS_OPERATIONS,,false
330119,Laundry And Cleaning Products,HOUSING,Housing,DIRECT,HOUSEHOLD_FURNISHINGS_OPERATIONS,1,HN011,HOUSEHOLD_FURNISHINGS_OPERATIONS,,false
330310,Paper Towels/Napkins/Toilet Tissu,HOUSING,Housing,DIRECT,HOUSEHOLD_FURNISHINGS_OPERATIONS,1,HN021,HOUSEHOLD_FURNISHINGS_OPERATIONS,,false
330410,"Stationery, Giftwrap, Etc.",HOUSING,Housing,DIRECT,OTHER_GOODS_SERVICES,1,GE011,OTHER_GOODS_SERVICES,,false
330510,Misc Household Products,HOUSING,Housing,DIRECT,HOUSEHOLD_FURNISHINGS_OPERATIONS,1,HN031,HOUSEHOLD_FURNISHINGS_OPERATIONS,,false
330511,Mat For Termte/Pst Cntrl Maintce,HOUSING,Housing,DIRECT,HOUSEHOLD_FURNISHINGS_OPERATIONS,1,HM022,HOUSEHOLD_FURNISHINGS_OPERATIONS,,false
330610,Lawn And Garden Supplies,HOUSING,Housing,DIRECT,HOUSEHOLD_FURNISHINGS_OPERATIONS,1,HM022,HOUSEHOLD_FURNISHINGS_OPERATIONS,,false
340110,Postage,HOUSING,Housing,DIRECT,EDUCATION_COMMUNICATION,1,EC011,EDUCATION_COMMUNICATION,,false
340120,Delivery Services,HOUSING,Housing,DIRECT,EDUCATION_COMMUNICATION,1,EC021,EDUCATION_COMMUNICATION,,false
340310,Domestic Service,HOUSING,Housing,DIRECT,HOUSEHOLD_FURNISHINGS_OPERATIONS,1,HP011,HOUSEHOLD_FURNISHINGS_OPERATIONS,,false
340410,Gardening/Lawn Care Service,HOUSING,Housing,DIRECT,HOUSEHOLD_FURNISHINGS_OPERATIONS,1,HP021,HOUSEHOLD_FURNISHINGS_OPERATIONS,,false
340420,Water Softening Service,HOUSING,Housing,DIRECT,HOUSEHOLD_FURNISHINGS_OPERATIONS,1,HP090,HOUSEHOLD_FURNISHINGS_OPERATIONS,,false
340421,Water Softening Service Ownd,HOUSING,Housing,DIRECT,HOUSEHOLD_FURNISHINGS_OPERATIONS,1,HP090,HOUSEHOLD_FURNISHINGS_OPERATIONS,,false
340422,Water Softening Service Rntr,HOUSING,Housing,DIRECT,HOUSEHOLD_FURNISHINGS_OPERATIONS,1,HP090,HOUSEHOLD_FURNISHINGS_OPERATIONS,,false
340510,"Moving, Storage,Freight",HOUSING,Housing,DIRECT,HOUSEHOLD_FURNISHINGS_OPERATIONS,1,HP031,HOUSEHOLD_FURNISHINGS_OPERATIONS,,false
340520,"Hshld Lndry,Drycln Not Coin-Op",HOUSING,Housing,DIRECT,OTHER_GOODS_SERVICES,1,GD031,OTHER_GOODS_SERVICES,,false
340530,"Coin-Op Hshld Lndry, Dry Cln",HOUSING,Housing,DIRECT,OTHER_GOODS_SERVICES,1,GD031,OTHER_GOODS_SERVICES,,false
340620,Repair Of Household Appliances,HOUSING,Housing,DIRECT,HOUSEHOLD_FURNISHINGS_OPERATIONS,1,HP041,HOUSEHOLD_FURNISHINGS_OPERATIONS,,false
340630,Reupholstery Of Furniture,HOUSING,Housing,DIRECT,HOUSEHOLD_FURNISHINGS_OPERATIONS,1,HP042,HOUSEHOLD_FURNISHINGS_OPERATIONS,,false
340901,"Rental/Repair-Tools,Lawn/Garden",HOUSING,Housing,DIRECT,HOUSEHOLD_FURNISHINGS_OPERATIONS,1,HM090,HOUSEHOLD_FURNISHINGS_OPERATIONS,,false
340903,Misc. Home Services,HOUSING,Housing,DIRECT,HOUSEHOLD_FURNISHINGS_OPERATIONS,1,HP090,HOUSEHOLD_FURNISHINGS_OPERATIONS,,false
340904,Rental Of Furniture,HOUSING,Housing,DIRECT,HOUSEHOLD_FURNISHINGS_OPERATIONS,1,HJ090,HOUSEHOLD_FURNISHINGS_OPERATIONS,,false
340906,"Care Of Invalids, Elderly, Etc",HOUSING,Housing,DIRECT,MEDICAL_CARE,1,MD031,MEDICAL_CARE,,false
340907,Rental Of Household Equipment,HOUSING,Housing,DIRECT,HOUSEHOLD_FURNISHINGS_OPERATIONS,1,HK090,HOUSEHOLD_FURNISHINGS_OPERATIONS,,false
340908,Rntl Off Equip Non-Bus Use,HOUSING,Housing,DIRECT,EDUCATION_COMMUNICATION,1,EE090,EDUCATION_COMMUNICATION,,false
340910,Adult Day Care Centers,HOUSING,Housing,DIRECT,MEDICAL_CARE,1,MD022,MEDICAL_CARE,,false
340911,Mngmt/Spec Ser/Security Ownd,HOUSING,Housing,DIRECT,HOUSEHOLD_FURNISHINGS_OPERATIONS,1,HP090,HOUSEHOLD_FURNISHINGS_OPERATIONS,,false
340912,Management and upkeep services for security,HOUSING,Housing,UNRESOLVED,,0,,,NO_CONCORDANCE,false
340913,Repair of miscellaneous household equipment and furnishings,HOUSING,Housing,UNRESOLVED,,0,,,NO_CONCORDANCE,false
340914,Serv For Termt/Pst Cntrl,HOUSING,Housing,DIRECT,HOUSEHOLD_FURNISHINGS_OPERATIONS,1,HP090,HOUSEHOLD_FURNISHINGS_OPERATIONS,,false
340915,Home security system service fees,HOUSING,Housing,UNRESOLVED,,0,,,NO_CONCORDANCE,false
350110,Renters Insurance,HOUSING,Housing,DIRECT,SHELTER,1,HD011,SHELTER,,false
430130,Luggage,HOUSING,Housing,DIRECT,OTHER_GOODS_SERVICES,1,GE012,OTHER_GOODS_SERVICES,,false
450110,New Cars,TRANS,Transportation,DIRECT,TRANSPORT_COMMODITIES_EX_MOTOR_FUEL,1,TA011,TRANSPORT_COMMODITIES_EX_MOTOR_FUEL,,false
450210,New Trucks,TRANS,Transportation,DIRECT,TRANSPORT_COMMODITIES_EX_MOTOR_FUEL,1,TA011,TRANSPORT_COMMODITIES_EX_MOTOR_FUEL,,false
450220,New Motorcycles,TRANS,Transportation,DIRECT,TRANSPORT_COMMODITIES_EX_MOTOR_FUEL,1,TA012,TRANSPORT_COMMODITIES_EX_MOTOR_FUEL,,false
450350,Car/Truck Lease Payments,TRANS,Transportation,DIRECT,TRANSPORT_SERVICES,1,TA031,TRANSPORT_SERVICES,,false
450351,Extra fees for car/truck lease,TRANS,Transportation,UNRESOLVED,,0,,,NO_CONCORDANCE,false
450352,Tradein Allow For Car/Truck Lease,TRANS,Transportation,DIRECT,TRANSPORT_SERVICES,1,TA031,TRANSPORT_SERVICES,,false
450353,Cash Dwnpymnt For Car/Truck Lease,TRANS,Transportation,DIRECT,TRANSPORT_SERVICES,1,TA031,TRANSPORT_SERVICES,,false
450354,Termntion Fee For Car/Truck Lease,TRANS,Transportation,DIRECT,TRANSPORT_SERVICES,1,TA031,TRANSPORT_SERVICES,,false
450900,Aircraft,TRANS,Transportation,DIRECT,TRANSPORT_COMMODITIES_EX_MOTOR_FUEL,1,TA090,TRANSPORT_COMMODITIES_EX_MOTOR_FUEL,,false
460110,Used Cars,TRANS,Transportation,DIRECT,TRANSPORT_COMMODITIES_EX_MOTOR_FUEL,1,TA021,TRANSPORT_COMMODITIES_EX_MOTOR_FUEL,,false
460901,Used Trucks,TRANS,Transportation,DIRECT,TRANSPORT_COMMODITIES_EX_MOTOR_FUEL,1,TA021,TRANSPORT_COMMODITIES_EX_MOTOR_FUEL,,false
460902,Used Motorcycles,TRANS,Transportation,DIRECT,TRANSPORT_COMMODITIES_EX_MOTOR_FUEL,1,TA090,TRANSPORT_COMMODITIES_EX_MOTOR_FUEL,,false
460903,Used Aircraft,TRANS,Transportation,DIRECT,TRANSPORT_COMMODITIES_EX_MOTOR_FUEL,1,TA090,TRANSPORT_COMMODITIES_EX_MOTOR_FUEL,,false
470111,Gasoline,TRANS,Transportation,MULTI_SAME_NODE,MOTOR_FUEL,5,TB011|TB012|TB013|TB021|TB022,MOTOR_FUEL,,true
470112,Diesel Fuel,TRANS,Transportation,DIRECT,MOTOR_FUEL,1,TB021,MOTOR_FUEL,,false
470113,Gasoline On Out Of Town Trips,TRANS,Transportation,MULTI_SAME_NODE,MOTOR_FUEL,5,TB011|TB012|TB013|TB021|TB022,MOTOR_FUEL,,true
470212,Motor Oil On Out Of Town Trips,TRANS,Transportation,DIRECT,TRANSPORT_COMMODITIES_EX_MOTOR_FUEL,1,TC022,TRANSPORT_COMMODITIES_EX_MOTOR_FUEL,,false
470311,Electric vehicle charging,TRANS,Transportation,UNRESOLVED,,0,,,NO_CONCORDANCE,false
480100,Veh Parts/Acc/Fluids Excl Tires,TRANS,Transportation,MULTI_SAME_NODE,TRANSPORT_COMMODITIES_EX_MOTOR_FUEL,2,TC021|TC022,TRANSPORT_COMMODITIES_EX_MOTOR_FUEL,,true
480110,Tires Purchased/Replaced/Install,TRANS,Transportation,DIRECT,TRANSPORT_COMMODITIES_EX_MOTOR_FUEL,1,TC011,TRANSPORT_COMMODITIES_EX_MOTOR_FUEL,,false
490100,Vehicle Maint/Rep Excl Tire Purch,TRANS,Transportation,MULTI_SAME_NODE,TRANSPORT_SERVICES,3,TD011|TD021|TD031,TRANSPORT_SERVICES,,true
490900,Auto Repair Service Policy,TRANS,Transportation,DIRECT,TRANSPORT_SERVICES,1,TD090,TRANSPORT_SERVICES,,false
500110,Vehicle Insurance,TRANS,Transportation,DIRECT,TRANSPORT_SERVICES,1,TE011,TRANSPORT_SERVICES,,false
510110,Automobile finance charges,TRANS,Transportation,UNRESOLVED,,0,,,NO_CONCORDANCE,false
510901,Truck finance charges,TRANS,Transportation,UNRESOLVED,,0,,,NO_CONCORDANCE,false
510902,Motorcycle and plane finance charges,TRANS,Transportation,UNRESOLVED,,0,,,NO_CONCORDANCE,false
520110,State and local vehicle registration,TRANS,Transportation,UNRESOLVED,,0,,,NO_CONCORDANCE,false
520310,Drivers License,TRANS,Transportation,DIRECT,TRANSPORT_SERVICES,1,TF011,TRANSPORT_SERVICES,,false
520410,Vehicle Inspection,TRANS,Transportation,DIRECT,TRANSPORT_SERVICES,1,TD021,TRANSPORT_SERVICES,,false
520516,Auto/Truck Rental,TRANS,Transportation,DIRECT,TRANSPORT_SERVICES,1,TA041,TRANSPORT_SERVICES,,false
520517,Auto/Truck Rental Out-Of-Town Trp,TRANS,Transportation,DIRECT,TRANSPORT_SERVICES,1,TA041,TRANSPORT_SERVICES,,false
520531,Prkng Fee In Hme City Excl Rsdnc,TRANS,Transportation,DIRECT,TRANSPORT_SERVICES,1,TF031,TRANSPORT_SERVICES,,false
520532,"Parking Fees, Out-Of-Town Trip",TRANS,Transportation,DIRECT,TRANSPORT_SERVICES,1,TF031,TRANSPORT_SERVICES,,false
520541,Tolls Or Electronic Toll Passes,TRANS,Transportation,DIRECT,TRANSPORT_SERVICES,1,TF031,TRANSPORT_SERVICES,,false
520542,Tolls On Out-Of-Town Trips,TRANS,Transportation,DIRECT,TRANSPORT_SERVICES,1,TF031,TRANSPORT_SERVICES,,false
520550,Towing Charges,TRANS,Transportation,DIRECT,TRANSPORT_SERVICES,1,TD021,TRANSPORT_SERVICES,,false
520902,Motorcycle Rental,TRANS,Transportation,DIRECT,TRANSPORT_COMMODITIES_EX_MOTOR_FUEL,1,TA090,TRANSPORT_COMMODITIES_EX_MOTOR_FUEL,,false
520903,Aircraft Rental,TRANS,Transportation,DIRECT,TRANSPORT_COMMODITIES_EX_MOTOR_FUEL,1,TA090,TRANSPORT_COMMODITIES_EX_MOTOR_FUEL,,false
520905,Motorcycle Rental Out-Of-Town,TRANS,Transportation,DIRECT,TRANSPORT_COMMODITIES_EX_MOTOR_FUEL,1,TA090,TRANSPORT_COMMODITIES_EX_MOTOR_FUEL,,false
520906,Aircraft Rental/Out-Of-Town Tr,TRANS,Transportation,DIRECT,TRANSPORT_COMMODITIES_EX_MOTOR_FUEL,1,TA090,TRANSPORT_COMMODITIES_EX_MOTOR_FUEL,,false
530110,Airline Fares,TRANS,Transportation,DIRECT,TRANSPORT_SERVICES,1,TG011,TRANSPORT_SERVICES,,false
530210,Intercity Bus Fares,TRANS,Transportation,DIRECT,TRANSPORT_SERVICES,1,TG021,TRANSPORT_SERVICES,,false
530311,Intracity Mass Transit Fares,TRANS,Transportation,DIRECT,TRANSPORT_SERVICES,1,TG031,TRANSPORT_SERVICES,,false
530312,Local Trans. Out Of Town Trips,TRANS,Transportation,DIRECT,TRANSPORT_SERVICES,1,TG031,TRANSPORT_SERVICES,,false
530411,Taxi Fares On Trips,TRANS,Transportation,DIRECT,TRANSPORT_SERVICES,1,TG032,TRANSPORT_SERVICES,,false
530412,Taxi Fares And Limousine Service,TRANS,Transportation,DIRECT,TRANSPORT_SERVICES,1,TG032,TRANSPORT_SERVICES,,false
530510,Intercity Train Fares,TRANS,Transportation,DIRECT,TRANSPORT_SERVICES,1,TG022,TRANSPORT_SERVICES,,false
530901,Ship Fares,TRANS,Transportation,DIRECT,TRANSPORT_SERVICES,1,TG023,TRANSPORT_SERVICES,,false
530902,School Bus,TRANS,Transportation,DIRECT,TRANSPORT_SERVICES,1,TG090,TRANSPORT_SERVICES,,false
620114,Auto Service Clubs/Gps Services,TRANS,Transportation,DIRECT,TRANSPORT_SERVICES,1,TF032,TRANSPORT_SERVICES,,false
670320,Babysit/Chldcare/Daycare/Prsch,HOUSING,Housing,DIRECT,EDUCATION_COMMUNICATION,1,EB031,EDUCATION_COMMUNICATION,,false
690111,Compter/Compter Hrdwar N-Bus Use,HOUSING,Housing,DIRECT,EDUCATION_COMMUNICATION,1,EE011,EDUCATION_COMMUNICATION,,false
690113,"Repair-Cmptr,Cmptr Sys N-B",HOUSING,Housing,DIRECT,EDUCATION_COMMUNICATION,1,EE090,EDUCATION_COMMUNICATION,,false
690114,Computer Information Services,HOUSING,Housing,DIRECT,EDUCATION_COMMUNICATION,1,EE031,EDUCATION_COMMUNICATION,,false
690116,Internet Services Away From Home,HOUSING,Housing,DIRECT,EDUCATION_COMMUNICATION,1,EE031,EDUCATION_COMMUNICATION,,false
690117,Portable Memory,HOUSING,Housing,DIRECT,EDUCATION_COMMUNICATION,1,EE021,EDUCATION_COMMUNICATION,,false
690119,Computer Software,HOUSING,Housing,DIRECT,EDUCATION_COMMUNICATION,1,EE021,EDUCATION_COMMUNICATION,,false
690120,Computer Accessories,HOUSING,Housing,DIRECT,EDUCATION_COMMUNICATION,1,EE011,EDUCATION_COMMUNICATION,,false
690230,Typwrits/Oth Off Mach Non-Bus Use,HOUSING,Housing,DIRECT,EDUCATION_COMMUNICATION,1,EE042,EDUCATION_COMMUNICATION,,false
690244,Oth Hh Appl Rntr,HOUSING,Housing,DIRECT,HOUSEHOLD_FURNISHINGS_OPERATIONS,1,HK023,HOUSEHOLD_FURNISHINGS_OPERATIONS,,false
690245,Oth Hh Appl Ownd,HOUSING,Housing,DIRECT,HOUSEHOLD_FURNISHINGS_OPERATIONS,1,HK023,HOUSEHOLD_FURNISHINGS_OPERATIONS,,false
690310,Installation For Computers,HOUSING,Housing,DIRECT,EDUCATION_COMMUNICATION,1,EE011,EDUCATION_COMMUNICATION,,false
790420,Alcohol At Restaurants Etc,ALCBEVG,Alcoholic beverages,DIRECT,ALCOHOLIC_BEVERAGES,1,FX011,ALCOHOLIC_BEVERAGES,,false
790690,Construction materials for jobs not started,HOUSING,Housing,UNRESOLVED,,0,,,NO_CONCORDANCE,false
800700,Meals As Pay,FOODTOTL,Food,DIRECT,FOOD,1,FV051,FOOD,,false
800710,Rent As Pay,HOUSING,Housing,DIRECT,SHELTER,1,HA011,SHELTER,,false
830111,Late fee mortgage pay (owned home),HOUSING,Housing,UNRESOLVED,,0,,,NO_CONCORDANCE,false
830112,Late fee mortgage pay (owned vacation),HOUSING,Housing,UNRESOLVED,,0,,,NO_CONCORDANCE,false
850300,Other vehicle finance charges,TRANS,Transportation,UNRESOLVED,,0,,,NO_CONCORDANCE,false
880110,"Interest paid, home equity line of credit",HOUSING,Housing,UNRESOLVED,,0,,,NO_CONCORDANCE,false
880310,"Interest paid, home equity line of credit",HOUSING,Housing,UNRESOLVED,,0,,,NO_CONCORDANCE,false
950024,Vehicle personal property taxes,TRANS,Transportation,UNRESOLVED,,0,,,NO_CONCORDANCE,false
990900,"Rental and installation of dishwashers, range hoods, and garbage disposals",HOUSING,Housing,UNRESOLVED,,0,,,NO_CONCORDANCE,false
990920,"Materials for additions, finishing basements, and remodeling rooms",HOUSING,Housing,UNRESOLVED,,0,,,NO_CONCORDANCE,false
990930,"Materials to finish basements, remodel rooms, or build patios or walkways",HOUSING,Housing,UNRESOLVED,,0,,,NO_CONCORDANCE,false
990940,Material for finishing basements and remodeling rooms,HOUSING,Housing,UNRESOLVED,,0,,,NO_CONCORDANCE,false
